# Wavefront OBJ file
# Exported by Misfit Model 3D 1.2.4
# Fri Mar 17 23:25:13 2023

mtllib Orig_04.mtl

# 276 Vertices
v -0.243933 -0.730763 -1.484302
v -0.413069 -0.312869 -1.28741
v -0.057923 -0.312869 -1.665338
v -0.659758 -0.778119 -1.875062
v -0.759754 -0.31827 -1.613196
v -0.404607 -0.31827 -1.991125
v -1.743814 0.922582 -2.898278
v -1.921132 1.27309 -2.786643
v -1.647424 1.27309 -3.077909
v -2.676625 -1.207103 -3.779703
v -3.391548 -1.580205 -3.968005
v -2.910679 -1.580205 -4.47972
v -2.40695 -0.217149 -3.70721
v -2.596255 -0.217149 -3.505761
v -2.389183 -0.304867 -3.502298
v -2.598884 -0.088598 -3.697904
v -3.581851 -1.583471 -4.628634
v -1.818551 1.603512 -2.964483
v -0.554059 -0.058997 -1.775734
v 0.146672 -0.142689 -1.117244
v -1.012509 0.675508 -2.206659
v -0.905566 0.408214 -2.502306
v -1.300944 0.408214 -2.081566
v -1.245979 0.083332 -2.428588
v -0.155248 -0.627072 -1.315476
v 0.005313 -0.155688 -1.070638
v -0.293352 -0.155688 -1.573647
v -0.708698 -0.680491 -0.986861
v -0.456112 -0.161781 -0.796664
v -0.754777 -0.161781 -1.299673
v -2.156423 1.2379 -0.131574
v -2.090826 1.633274 0.095494
v -2.321004 1.633274 -0.292171
v -3.451403 -1.189167 0.632795
v -3.845398 -1.577078 1.292787
v -4.218132 -1.577078 0.665032
v -3.240384 -0.047716 0.334441
v -3.081185 -0.047716 0.602562
v -3.012736 -0.146663 0.379205
v -3.290264 0.09729 0.54538
v -4.560179 -1.580474 1.292659
v -2.251531 2.00599 -0.071254
v -0.568016 0.130679 -1.070392
v 0.364632 0.036275 -1.624158
v -1.178316 0.959201 -0.708128
v -1.465346 0.657693 -0.916409
v -1.132848 0.657693 -0.35642
v -1.491802 0.291226 -0.524415
v -0.144339 -0.730763 -1.400141
v -0.142906 -0.312869 -1.140581
v -0.122636 -0.312869 -1.658797
v -0.714521 -0.778119 -1.422444
v -0.618281 -0.31827 -1.159175
v -0.598011 -0.31827 -1.677391
v -2.203936 0.922582 -1.48399
v -2.264592 1.27309 -1.283429
v -2.24897 1.27309 -1.682813
v -3.513378 -1.219125 -1.538702
v -4.148179 -1.576244 -1.226009
v -4.121908 -1.576244 -1.897617
v -3.235057 -0.217149 -1.659803
v -3.245862 -0.217149 -1.383576
v -3.087265 -0.304867 -1.516759
v -3.373853 -0.088598 -1.526907
v -4.700371 -1.57937 -1.583926
v -2.303776 1.603512 -1.484959
v -0.569586 -0.058997 -1.416775
v 0.391258 -0.142689 -1.379191
v -1.198286 0.675508 -1.441447
v -1.311434 0.408214 -1.734775
v -1.334001 0.408214 -1.157855
v -1.520082 0.083332 -1.455881
v 0.243933 -0.730763 -1.484302
v 0.413069 -0.312869 -1.28741
v 0.057923 -0.312869 -1.665338
v 0.659758 -0.778119 -1.875062
v 0.759754 -0.31827 -1.613196
v 0.404607 -0.31827 -1.991125
v 1.743814 0.922582 -2.898278
v 1.921132 1.27309 -2.786643
v 1.647424 1.27309 -3.077909
v 2.67868 -1.208347 -3.781627
v 3.390434 -1.579795 -3.969095
v 2.911696 -1.579795 -4.478542
v 2.40695 -0.217149 -3.70721
v 2.596255 -0.217149 -3.505761
v 2.389183 -0.304867 -3.502298
v 2.598884 -0.088598 -3.697904
v 3.579893 -1.583046 -4.626797
v 1.818551 1.603512 -2.964483
v 0.554059 -0.058997 -1.775734
v -0.146672 -0.142689 -1.117244
v 1.012509 0.675508 -2.206659
v 0.905566 0.408214 -2.502306
v 1.300944 0.408214 -2.081566
v 1.245979 0.083332 -2.428588
v 0.155248 -0.627072 -1.315476
v -0.005313 -0.155688 -1.070638
v 0.293352 -0.155688 -1.573647
v 0.708698 -0.680491 -0.986861
v 0.456112 -0.161781 -0.796664
v 0.754777 -0.161781 -1.299673
v 2.156423 1.2379 -0.131574
v 2.090826 1.633274 0.095494
v 2.321004 1.633274 -0.292171
v 3.455949 -1.191505 0.635503
v 3.846787 -1.576308 1.290207
v 4.216535 -1.576308 0.667482
v 3.240384 -0.047716 0.334441
v 3.081185 -0.047716 0.602562
v 3.012736 -0.146663 0.379205
v 3.290264 0.09729 0.54538
v 4.555841 -1.579676 1.29008
v 2.251531 2.00599 -0.071254
v 0.568016 0.130679 -1.070392
v -0.364632 0.036275 -1.624158
v 1.178316 0.959201 -0.708128
v 1.465346 0.657693 -0.916409
v 1.132848 0.657693 -0.35642
v 1.491802 0.291226 -0.524415
v 0.144339 -0.730763 -1.400141
v 0.142906 -0.312869 -1.140581
v 0.122636 -0.312869 -1.658797
v 0.714521 -0.778119 -1.422444
v 0.618281 -0.31827 -1.159175
v 0.598011 -0.31827 -1.677391
v 2.203936 0.922582 -1.48399
v 2.264592 1.27309 -1.283429
v 2.24897 1.27309 -1.682813
v 3.529317 -1.226172 -1.539301
v 4.147464 -1.573923 -1.234812
v 4.121883 -1.573923 -1.888801
v 3.235057 -0.217149 -1.659803
v 3.245862 -0.217149 -1.383576
v 3.087265 -0.304867 -1.516759
v 3.373853 -0.088598 -1.526907
v 4.68517 -1.576966 -1.583339
v 2.303776 1.603512 -1.484959
v 0.569586 -0.058997 -1.416775
v -0.391258 -0.142689 -1.379191
v 1.198286 0.675508 -1.441447
v 1.311434 0.408214 -1.734775
v 1.334001 0.408214 -1.157855
v 1.520082 0.083332 -1.455881
v 0.000376 -0.343558 -2.276177
v 0.123503 -0.42948 -2.487639
v 0.001899 -0.278867 -2.498674
v 0.224914 -0.274901 -2.429326
v 0.10331 -0.124288 -2.440361
v 0.199679 -0.385597 -2.735127
v 0.075156 -0.228581 -2.760288
v 0.186768 -0.067364 -2.712011
v 0.311291 -0.22438 -2.68685
v 0.250074 -0.375238 -2.897755
v 0.13489 -0.217275 -2.952995
v 0.255834 -0.055113 -2.934776
v 0.371018 -0.213075 -2.879536
v 0.312086 -0.515286 -3.088904
v 0.20157 -0.360399 -3.158971
v 0.327179 -0.201309 -3.155567
v 0.437695 -0.356196 -3.085501
v 0.394811 -0.658964 -3.346284
v -0.097825 -0.346503 -2.250347
v -0.118345 -0.432426 -2.494182
v -0.224264 -0.281812 -2.433433
v -0.00183 -0.277847 -2.504624
v -0.10775 -0.127234 -2.443876
v -0.197989 -0.388543 -2.740576
v -0.314405 -0.231526 -2.68972
v -0.195296 -0.070309 -2.714235
v -0.07888 -0.227326 -2.765091
v -0.250047 -0.378184 -2.902679
v -0.376077 -0.220221 -2.881816
v -0.266576 -0.058058 -2.936302
v -0.140546 -0.216021 -2.957165
v -0.308959 -0.518231 -3.094807
v -0.439675 -0.363344 -3.088764
v -0.334855 -0.204255 -3.15806
v -0.20414 -0.359142 -3.164103
v -0.388916 -0.661909 -3.353059
v -1.010275 0.795818 1.0802
v 1.010275 0.795818 1.0802
v -1.010275 0.795818 -0.300909
v 1.010275 0.795818 -0.300909
v 1.110192 0.83688 0.385314
v -1.110192 0.83688 0.385314
v -0.0 1.671706 0.385314
v -0.0 0.312313 -2.732868
v -0.0 0.83688 1.819945
v -0.0 -0.005118 -2.813176
v -0.0 0.388063 1.819945
v -1.24357 0.388063 0.385314
v 1.24357 0.388063 0.385314
v 1.110192 0.388063 -0.369206
v -1.110192 0.388063 -0.369206
v 1.110192 0.388063 1.148497
v -1.110192 0.388063 1.148497
v 0.876075 1.186221 -0.241412
v -0.876075 1.186221 -0.241412
v -0.876075 1.186221 1.020704
v 0.876075 1.186221 1.020704
v -0.0 0.82996 -0.929107
v -0.0 1.186221 1.550557
v 0.876075 1.186221 0.385314
v -0.876075 1.186221 0.385314
v -0.530816 1.462999 0.385314
v 0.384646 1.462999 0.767886
v -0.435369 1.462999 0.725344
v -0.530816 1.462999 -0.052952
v 0.530816 1.462999 -0.052952
v -0.0 1.462999 -0.373992
v 0.0 1.568569 0.862775
v 0.530816 1.462999 0.385314
v -1.010275 -0.034543 1.0802
v 1.010275 -0.034543 1.0802
v -1.010275 -0.034543 -0.300909
v 1.010275 -0.034543 -0.300909
v 1.110192 -0.075605 0.385314
v -1.110192 -0.075605 0.385314
v -0.0 -0.910431 0.385314
v -0.0 -0.360817 -2.741807
v -0.0 -0.075605 1.819945
v 0.876075 -0.424947 -0.241412
v -0.876075 -0.424947 -0.241412
v -0.876075 -0.424947 1.020704
v 0.876075 -0.424947 1.020704
v -0.0 -0.529866 -0.929107
v -0.0 -0.424947 1.550557
v 0.876075 -0.424947 0.385314
v -0.876075 -0.424947 0.385314
v -0.530816 -0.701725 0.385314
v 0.530816 -0.701725 0.832244
v -0.530816 -0.701725 0.832244
v -0.530816 -0.701725 -0.052952
v 0.530816 -0.701725 -0.052952
v -0.0 -0.701725 -0.373992
v -0.0 -0.701725 1.153284
v 0.530816 -0.701725 0.385314
v 0.494074 -0.235022 -0.87312
v -0.494074 -0.235022 -0.87312
v 0.666012 0.156314 -0.87312
v -0.666012 0.156314 -0.87312
v 0.494074 0.535116 -0.87312
v -0.494074 0.535116 -0.87312
v -0.0 0.512542 -1.90784
v -0.0 -0.5568 -1.786004
v 0.260708 -0.319923 -1.768394
v -0.260708 -0.319923 -1.768394
v 0.351434 -0.012184 -1.803456
v -0.351434 -0.012184 -1.803456
v 0.260708 0.285699 -1.837396
v -0.260708 0.285699 -1.837396
v -0.0 0.465809 -2.551084
v -0.0 -0.520809 -2.547975
v 0.197733 -0.314357 -2.54378
v -0.197733 -0.314357 -2.54378
v 0.266544 -0.004627 -2.543131
v -0.266544 -0.004627 -2.543131
v 0.197733 0.295181 -2.542503
v -0.197733 0.295181 -2.542503
v 0.343675 0.425405 -1.440766
v -0.463274 0.079794 -1.423796
v 0.463274 0.079794 -1.423796
v -0.343675 -0.277254 -1.406265
v -0.0 -0.548586 -1.448238
v -0.343675 0.425405 -1.440766
v 0.343675 -0.277254 -1.406265
v -0.0 0.692093 -1.509156
v 0.400831 0.281466 -2.045542
v -0.511801 -0.01738 -2.028886
v 0.505169 -0.01738 -2.028886
v -0.400831 -0.326115 -2.011679
v -0.0 -0.561186 -2.042885
v -0.400831 0.281466 -2.045542
v 0.400831 -0.326115 -2.011679
v -0.0 0.511614 -2.102676

# 1548 Texture Coordinates
vt 0.093472 0.109197
vt 0.148218 0.179861
vt 0.092107 0.180786
vt 0.093472 0.109197
vt 0.030252 0.209939
vt 0.092107 0.180786
vt 0.092107 0.180786
vt 0.158464 0.100781
vt 0.093472 0.109197
vt 0.092107 0.180786
vt 0.148218 0.179861
vt 0.158464 0.100781
vt 0.092107 0.180786
vt 0.143667 0.224276
vt 0.148218 0.179861
vt 0.092107 0.180786
vt 0.030252 0.209939
vt 0.143667 0.224276
vt 0.092107 0.180786
vt 0.030252 0.209939
vt 0.093472 0.109197
vt 0.158464 0.100781
vt 0.148218 0.179861
vt 0.093472 0.109197
vt 0.158464 0.100781
vt 0.232564 0.304314
vt 0.148218 0.179861
vt 0.158464 0.100781
vt 0.254998 0.250401
vt 0.232564 0.304314
vt 0.148218 0.179861
vt 0.254998 0.250401
vt 0.158464 0.100781
vt 0.148218 0.179861
vt 0.143667 0.224276
vt 0.092107 0.180786
vt 0.148218 0.179861
vt 0.232564 0.304314
vt 0.143667 0.224276
vt 0.337503 0.395838
vt 0.46264 0.196123
vt 0.342819 0.452475
vt 0.337503 0.395838
vt 0.444562 0.181097
vt 0.46264 0.196123
vt 0.337503 0.395838
vt 0.232564 0.304314
vt 0.342819 0.452475
vt 0.337503 0.395838
vt 0.254998 0.250401
vt 0.232564 0.304314
vt 0.342819 0.452475
vt 0.444562 0.181097
vt 0.337503 0.395838
vt 0.342819 0.452475
vt 0.474674 0.219205
vt 0.46264 0.196123
vt 0.342819 0.452475
vt 0.348366 0.50908
vt 0.474674 0.219205
vt 0.342819 0.452475
vt 0.217877 0.350104
vt 0.348366 0.50908
vt 0.342819 0.452475
vt 0.232564 0.304314
vt 0.217877 0.350104
vt 0.342819 0.452475
vt 0.254998 0.250401
vt 0.337503 0.395838
vt 0.495663 0.067121
vt 0.46264 0.196123
vt 0.551219 0.020219
vt 0.495663 0.067121
vt 0.444562 0.181097
vt 0.46264 0.196123
vt 0.495663 0.067121
vt 0.602707 0.019806
vt 0.551219 0.020219
vt 0.551219 0.020219
vt 0.602707 0.019806
vt 0.495663 0.067121
vt 0.551219 0.020219
vt 0.444562 0.181097
vt 0.495663 0.067121
vt 0.551219 0.020219
vt 0.602707 0.019806
vt 0.46264 0.196123
vt 0.46264 0.196123
vt 0.444562 0.181097
vt 0.551219 0.020219
vt 0.46264 0.196123
vt 0.474674 0.219205
vt 0.342819 0.452475
vt 0.46264 0.196123
vt 0.602707 0.019806
vt 0.474674 0.219205
vt 0.46264 0.196123
vt 0.444562 0.181097
vt 0.342819 0.452475
vt 0.46264 0.196123
vt 0.602707 0.019806
vt 0.551219 0.020219
vt 0.474674 0.219205
vt 0.602707 0.019806
vt 0.46264 0.196123
vt 0.474674 0.219205
vt 0.348366 0.50908
vt 0.342819 0.452475
vt 0.348366 0.50908
vt 0.232564 0.304314
vt 0.342819 0.452475
vt 0.143667 0.224276
vt 0.030252 0.209939
vt 0.092107 0.180786
vt 0.143667 0.224276
vt 0.232564 0.304314
vt 0.217877 0.350104
vt 0.143667 0.224276
vt 0.232564 0.304314
vt 0.148218 0.179861
vt 0.217877 0.350104
vt 0.232564 0.304314
vt 0.348366 0.50908
vt 0.217877 0.350104
vt 0.232564 0.304314
vt 0.143667 0.224276
vt 0.232564 0.304314
vt 0.254998 0.250401
vt 0.342819 0.452475
vt 0.232564 0.304314
vt 0.254998 0.250401
vt 0.148218 0.179861
vt 0.093472 0.109197
vt 0.148218 0.179861
vt 0.092107 0.180786
vt 0.093472 0.109197
vt 0.030252 0.209939
vt 0.092107 0.180786
vt 0.092107 0.180786
vt 0.158464 0.100781
vt 0.093472 0.109197
vt 0.092107 0.180786
vt 0.148218 0.179861
vt 0.158464 0.100781
vt 0.092107 0.180786
vt 0.143667 0.224276
vt 0.148218 0.179861
vt 0.092107 0.180786
vt 0.030252 0.209939
vt 0.143667 0.224276
vt 0.092107 0.180786
vt 0.030252 0.209939
vt 0.093472 0.109197
vt 0.158464 0.100781
vt 0.148218 0.179861
vt 0.093472 0.109197
vt 0.158464 0.100781
vt 0.232564 0.304314
vt 0.148218 0.179861
vt 0.158464 0.100781
vt 0.254998 0.250401
vt 0.232564 0.304314
vt 0.148218 0.179861
vt 0.254998 0.250401
vt 0.158464 0.100781
vt 0.148218 0.179861
vt 0.143667 0.224276
vt 0.092107 0.180786
vt 0.148218 0.179861
vt 0.232564 0.304314
vt 0.143667 0.224276
vt 0.337503 0.395838
vt 0.46264 0.196123
vt 0.342819 0.452475
vt 0.337503 0.395838
vt 0.444562 0.181097
vt 0.46264 0.196123
vt 0.337503 0.395838
vt 0.232564 0.304314
vt 0.342819 0.452475
vt 0.337503 0.395838
vt 0.254998 0.250401
vt 0.232564 0.304314
vt 0.342819 0.452475
vt 0.444562 0.181097
vt 0.337503 0.395838
vt 0.342819 0.452475
vt 0.474674 0.219205
vt 0.46264 0.196123
vt 0.342819 0.452475
vt 0.348366 0.50908
vt 0.474674 0.219205
vt 0.342819 0.452475
vt 0.217877 0.350104
vt 0.348366 0.50908
vt 0.342819 0.452475
vt 0.232564 0.304314
vt 0.217877 0.350104
vt 0.342819 0.452475
vt 0.254998 0.250401
vt 0.337503 0.395838
vt 0.495663 0.067121
vt 0.46264 0.196123
vt 0.551219 0.020219
vt 0.495663 0.067121
vt 0.444562 0.181097
vt 0.46264 0.196123
vt 0.495663 0.067121
vt 0.602707 0.019806
vt 0.551219 0.020219
vt 0.551219 0.020219
vt 0.602707 0.019806
vt 0.495663 0.067121
vt 0.551219 0.020219
vt 0.444562 0.181097
vt 0.495663 0.067121
vt 0.551219 0.020219
vt 0.602707 0.019806
vt 0.46264 0.196123
vt 0.46264 0.196123
vt 0.444562 0.181097
vt 0.551219 0.020219
vt 0.46264 0.196123
vt 0.474674 0.219205
vt 0.342819 0.452475
vt 0.46264 0.196123
vt 0.602707 0.019806
vt 0.474674 0.219205
vt 0.46264 0.196123
vt 0.444562 0.181097
vt 0.342819 0.452475
vt 0.46264 0.196123
vt 0.602707 0.019806
vt 0.551219 0.020219
vt 0.474674 0.219205
vt 0.602707 0.019806
vt 0.46264 0.196123
vt 0.474674 0.219205
vt 0.348366 0.50908
vt 0.342819 0.452475
vt 0.348366 0.50908
vt 0.232564 0.304314
vt 0.342819 0.452475
vt 0.143667 0.224276
vt 0.030252 0.209939
vt 0.092107 0.180786
vt 0.143667 0.224276
vt 0.232564 0.304314
vt 0.217877 0.350104
vt 0.143667 0.224276
vt 0.232564 0.304314
vt 0.148218 0.179861
vt 0.217877 0.350104
vt 0.232564 0.304314
vt 0.348366 0.50908
vt 0.217877 0.350104
vt 0.232564 0.304314
vt 0.143667 0.224276
vt 0.232564 0.304314
vt 0.254998 0.250401
vt 0.342819 0.452475
vt 0.232564 0.304314
vt 0.254998 0.250401
vt 0.148218 0.179861
vt 0.093472 0.109197
vt 0.148218 0.179861
vt 0.092107 0.180786
vt 0.093472 0.109197
vt 0.030252 0.209939
vt 0.092107 0.180786
vt 0.092107 0.180786
vt 0.158464 0.100781
vt 0.093472 0.109197
vt 0.092107 0.180786
vt 0.148218 0.179861
vt 0.158464 0.100781
vt 0.092107 0.180786
vt 0.143667 0.224276
vt 0.148218 0.179861
vt 0.092107 0.180786
vt 0.030252 0.209939
vt 0.143667 0.224276
vt 0.092107 0.180786
vt 0.030252 0.209939
vt 0.093472 0.109197
vt 0.158464 0.100781
vt 0.148218 0.179861
vt 0.093472 0.109197
vt 0.158464 0.100781
vt 0.232564 0.304314
vt 0.148218 0.179861
vt 0.158464 0.100781
vt 0.254998 0.250401
vt 0.232564 0.304314
vt 0.148218 0.179861
vt 0.254998 0.250401
vt 0.158464 0.100781
vt 0.148218 0.179861
vt 0.143667 0.224276
vt 0.092107 0.180786
vt 0.148218 0.179861
vt 0.232564 0.304314
vt 0.143667 0.224276
vt 0.337503 0.395838
vt 0.46264 0.196123
vt 0.342819 0.452475
vt 0.337503 0.395838
vt 0.444562 0.181097
vt 0.46264 0.196123
vt 0.337503 0.395838
vt 0.232564 0.304314
vt 0.342819 0.452475
vt 0.337503 0.395838
vt 0.254998 0.250401
vt 0.232564 0.304314
vt 0.342819 0.452475
vt 0.444562 0.181097
vt 0.337503 0.395838
vt 0.342819 0.452475
vt 0.474674 0.219205
vt 0.46264 0.196123
vt 0.342819 0.452475
vt 0.348366 0.50908
vt 0.474674 0.219205
vt 0.342819 0.452475
vt 0.217877 0.350104
vt 0.348366 0.50908
vt 0.342819 0.452475
vt 0.232564 0.304314
vt 0.217877 0.350104
vt 0.342819 0.452475
vt 0.254998 0.250401
vt 0.337503 0.395838
vt 0.495663 0.067121
vt 0.46264 0.196123
vt 0.551219 0.020219
vt 0.495663 0.067121
vt 0.444562 0.181097
vt 0.46264 0.196123
vt 0.495663 0.067121
vt 0.602707 0.019806
vt 0.551219 0.020219
vt 0.551219 0.020219
vt 0.602707 0.019806
vt 0.495663 0.067121
vt 0.551219 0.020219
vt 0.444562 0.181097
vt 0.495663 0.067121
vt 0.551219 0.020219
vt 0.602707 0.019806
vt 0.46264 0.196123
vt 0.46264 0.196123
vt 0.444562 0.181097
vt 0.551219 0.020219
vt 0.46264 0.196123
vt 0.474674 0.219205
vt 0.342819 0.452475
vt 0.46264 0.196123
vt 0.602707 0.019806
vt 0.474674 0.219205
vt 0.46264 0.196123
vt 0.444562 0.181097
vt 0.342819 0.452475
vt 0.46264 0.196123
vt 0.602707 0.019806
vt 0.551219 0.020219
vt 0.474674 0.219205
vt 0.602707 0.019806
vt 0.46264 0.196123
vt 0.474674 0.219205
vt 0.348366 0.50908
vt 0.342819 0.452475
vt 0.348366 0.50908
vt 0.232564 0.304314
vt 0.342819 0.452475
vt 0.143667 0.224276
vt 0.030252 0.209939
vt 0.092107 0.180786
vt 0.143667 0.224276
vt 0.232564 0.304314
vt 0.217877 0.350104
vt 0.143667 0.224276
vt 0.232564 0.304314
vt 0.148218 0.179861
vt 0.217877 0.350104
vt 0.232564 0.304314
vt 0.348366 0.50908
vt 0.217877 0.350104
vt 0.232564 0.304314
vt 0.143667 0.224276
vt 0.232564 0.304314
vt 0.254998 0.250401
vt 0.342819 0.452475
vt 0.232564 0.304314
vt 0.254998 0.250401
vt 0.148218 0.179861
vt 0.093472 0.109197
vt 0.158464 0.100781
vt 0.092107 0.180786
vt 0.093472 0.109197
vt 0.148218 0.179861
vt 0.158464 0.100781
vt 0.093472 0.109197
vt 0.030252 0.209939
vt 0.092107 0.180786
vt 0.092107 0.180786
vt 0.030252 0.209939
vt 0.093472 0.109197
vt 0.092107 0.180786
vt 0.148218 0.179861
vt 0.093472 0.109197
vt 0.092107 0.180786
vt 0.143667 0.224276
vt 0.148218 0.179861
vt 0.092107 0.180786
vt 0.030252 0.209939
vt 0.143667 0.224276
vt 0.158464 0.100781
vt 0.148218 0.179861
vt 0.092107 0.180786
vt 0.158464 0.100781
vt 0.254998 0.250401
vt 0.148218 0.179861
vt 0.148218 0.179861
vt 0.143667 0.224276
vt 0.092107 0.180786
vt 0.148218 0.179861
vt 0.232564 0.304314
vt 0.143667 0.224276
vt 0.148218 0.179861
vt 0.254998 0.250401
vt 0.232564 0.304314
vt 0.148218 0.179861
vt 0.232564 0.304314
vt 0.158464 0.100781
vt 0.337503 0.395838
vt 0.444562 0.181097
vt 0.342819 0.452475
vt 0.337503 0.395838
vt 0.254998 0.250401
vt 0.342819 0.452475
vt 0.342819 0.452475
vt 0.444562 0.181097
vt 0.46264 0.196123
vt 0.342819 0.452475
vt 0.232564 0.304314
vt 0.337503 0.395838
vt 0.342819 0.452475
vt 0.46264 0.196123
vt 0.337503 0.395838
vt 0.342819 0.452475
vt 0.474674 0.219205
vt 0.46264 0.196123
vt 0.342819 0.452475
vt 0.348366 0.50908
vt 0.474674 0.219205
vt 0.342819 0.452475
vt 0.232564 0.304314
vt 0.348366 0.50908
vt 0.342819 0.452475
vt 0.254998 0.250401
vt 0.232564 0.304314
vt 0.495663 0.067121
vt 0.444562 0.181097
vt 0.551219 0.020219
vt 0.495663 0.067121
vt 0.602707 0.019806
vt 0.551219 0.020219
vt 0.551219 0.020219
vt 0.46264 0.196123
vt 0.495663 0.067121
vt 0.551219 0.020219
vt 0.602707 0.019806
vt 0.46264 0.196123
vt 0.551219 0.020219
vt 0.444562 0.181097
vt 0.46264 0.196123
vt 0.551219 0.020219
vt 0.602707 0.019806
vt 0.495663 0.067121
vt 0.46264 0.196123
vt 0.444562 0.181097
vt 0.337503 0.395838
vt 0.46264 0.196123
vt 0.602707 0.019806
vt 0.551219 0.020219
vt 0.46264 0.196123
vt 0.444562 0.181097
vt 0.495663 0.067121
vt 0.46264 0.196123
vt 0.474674 0.219205
vt 0.342819 0.452475
vt 0.46264 0.196123
vt 0.602707 0.019806
vt 0.474674 0.219205
vt 0.474674 0.219205
vt 0.602707 0.019806
vt 0.46264 0.196123
vt 0.474674 0.219205
vt 0.348366 0.50908
vt 0.342819 0.452475
vt 0.348366 0.50908
vt 0.217877 0.350104
vt 0.342819 0.452475
vt 0.348366 0.50908
vt 0.232564 0.304314
vt 0.217877 0.350104
vt 0.143667 0.224276
vt 0.030252 0.209939
vt 0.092107 0.180786
vt 0.143667 0.224276
vt 0.232564 0.304314
vt 0.148218 0.179861
vt 0.143667 0.224276
vt 0.232564 0.304314
vt 0.217877 0.350104
vt 0.217877 0.350104
vt 0.232564 0.304314
vt 0.143667 0.224276
vt 0.217877 0.350104
vt 0.232564 0.304314
vt 0.342819 0.452475
vt 0.232564 0.304314
vt 0.254998 0.250401
vt 0.158464 0.100781
vt 0.232564 0.304314
vt 0.254998 0.250401
vt 0.337503 0.395838
vt 0.093472 0.109197
vt 0.158464 0.100781
vt 0.092107 0.180786
vt 0.093472 0.109197
vt 0.148218 0.179861
vt 0.158464 0.100781
vt 0.093472 0.109197
vt 0.030252 0.209939
vt 0.092107 0.180786
vt 0.092107 0.180786
vt 0.030252 0.209939
vt 0.093472 0.109197
vt 0.092107 0.180786
vt 0.148218 0.179861
vt 0.093472 0.109197
vt 0.092107 0.180786
vt 0.143667 0.224276
vt 0.148218 0.179861
vt 0.092107 0.180786
vt 0.030252 0.209939
vt 0.143667 0.224276
vt 0.158464 0.100781
vt 0.148218 0.179861
vt 0.092107 0.180786
vt 0.158464 0.100781
vt 0.254998 0.250401
vt 0.148218 0.179861
vt 0.148218 0.179861
vt 0.143667 0.224276
vt 0.092107 0.180786
vt 0.148218 0.179861
vt 0.232564 0.304314
vt 0.143667 0.224276
vt 0.148218 0.179861
vt 0.254998 0.250401
vt 0.232564 0.304314
vt 0.148218 0.179861
vt 0.232564 0.304314
vt 0.158464 0.100781
vt 0.337503 0.395838
vt 0.444562 0.181097
vt 0.342819 0.452475
vt 0.337503 0.395838
vt 0.254998 0.250401
vt 0.342819 0.452475
vt 0.342819 0.452475
vt 0.444562 0.181097
vt 0.46264 0.196123
vt 0.342819 0.452475
vt 0.232564 0.304314
vt 0.337503 0.395838
vt 0.342819 0.452475
vt 0.46264 0.196123
vt 0.337503 0.395838
vt 0.342819 0.452475
vt 0.474674 0.219205
vt 0.46264 0.196123
vt 0.342819 0.452475
vt 0.348366 0.50908
vt 0.474674 0.219205
vt 0.342819 0.452475
vt 0.232564 0.304314
vt 0.348366 0.50908
vt 0.342819 0.452475
vt 0.254998 0.250401
vt 0.232564 0.304314
vt 0.495663 0.067121
vt 0.444562 0.181097
vt 0.551219 0.020219
vt 0.495663 0.067121
vt 0.602707 0.019806
vt 0.551219 0.020219
vt 0.551219 0.020219
vt 0.46264 0.196123
vt 0.495663 0.067121
vt 0.551219 0.020219
vt 0.602707 0.019806
vt 0.46264 0.196123
vt 0.551219 0.020219
vt 0.444562 0.181097
vt 0.46264 0.196123
vt 0.551219 0.020219
vt 0.602707 0.019806
vt 0.495663 0.067121
vt 0.46264 0.196123
vt 0.444562 0.181097
vt 0.337503 0.395838
vt 0.46264 0.196123
vt 0.602707 0.019806
vt 0.551219 0.020219
vt 0.46264 0.196123
vt 0.444562 0.181097
vt 0.495663 0.067121
vt 0.46264 0.196123
vt 0.474674 0.219205
vt 0.342819 0.452475
vt 0.46264 0.196123
vt 0.602707 0.019806
vt 0.474674 0.219205
vt 0.474674 0.219205
vt 0.602707 0.019806
vt 0.46264 0.196123
vt 0.474674 0.219205
vt 0.348366 0.50908
vt 0.342819 0.452475
vt 0.348366 0.50908
vt 0.217877 0.350104
vt 0.342819 0.452475
vt 0.348366 0.50908
vt 0.232564 0.304314
vt 0.217877 0.350104
vt 0.143667 0.224276
vt 0.030252 0.209939
vt 0.092107 0.180786
vt 0.143667 0.224276
vt 0.232564 0.304314
vt 0.148218 0.179861
vt 0.143667 0.224276
vt 0.232564 0.304314
vt 0.217877 0.350104
vt 0.217877 0.350104
vt 0.232564 0.304314
vt 0.143667 0.224276
vt 0.217877 0.350104
vt 0.232564 0.304314
vt 0.342819 0.452475
vt 0.232564 0.304314
vt 0.254998 0.250401
vt 0.158464 0.100781
vt 0.232564 0.304314
vt 0.254998 0.250401
vt 0.337503 0.395838
vt 0.093472 0.109197
vt 0.158464 0.100781
vt 0.092107 0.180786
vt 0.093472 0.109197
vt 0.148218 0.179861
vt 0.158464 0.100781
vt 0.093472 0.109197
vt 0.030252 0.209939
vt 0.092107 0.180786
vt 0.092107 0.180786
vt 0.030252 0.209939
vt 0.093472 0.109197
vt 0.092107 0.180786
vt 0.148218 0.179861
vt 0.093472 0.109197
vt 0.092107 0.180786
vt 0.143667 0.224276
vt 0.148218 0.179861
vt 0.092107 0.180786
vt 0.030252 0.209939
vt 0.143667 0.224276
vt 0.158464 0.100781
vt 0.148218 0.179861
vt 0.092107 0.180786
vt 0.158464 0.100781
vt 0.254998 0.250401
vt 0.148218 0.179861
vt 0.148218 0.179861
vt 0.143667 0.224276
vt 0.092107 0.180786
vt 0.148218 0.179861
vt 0.232564 0.304314
vt 0.143667 0.224276
vt 0.148218 0.179861
vt 0.254998 0.250401
vt 0.232564 0.304314
vt 0.148218 0.179861
vt 0.232564 0.304314
vt 0.158464 0.100781
vt 0.337503 0.395838
vt 0.444562 0.181097
vt 0.342819 0.452475
vt 0.337503 0.395838
vt 0.254998 0.250401
vt 0.342819 0.452475
vt 0.342819 0.452475
vt 0.444562 0.181097
vt 0.46264 0.196123
vt 0.342819 0.452475
vt 0.232564 0.304314
vt 0.337503 0.395838
vt 0.342819 0.452475
vt 0.46264 0.196123
vt 0.337503 0.395838
vt 0.342819 0.452475
vt 0.474674 0.219205
vt 0.46264 0.196123
vt 0.342819 0.452475
vt 0.348366 0.50908
vt 0.474674 0.219205
vt 0.342819 0.452475
vt 0.232564 0.304314
vt 0.348366 0.50908
vt 0.342819 0.452475
vt 0.254998 0.250401
vt 0.232564 0.304314
vt 0.495663 0.067121
vt 0.444562 0.181097
vt 0.551219 0.020219
vt 0.495663 0.067121
vt 0.602707 0.019806
vt 0.551219 0.020219
vt 0.551219 0.020219
vt 0.46264 0.196123
vt 0.495663 0.067121
vt 0.551219 0.020219
vt 0.602707 0.019806
vt 0.46264 0.196123
vt 0.551219 0.020219
vt 0.444562 0.181097
vt 0.46264 0.196123
vt 0.551219 0.020219
vt 0.602707 0.019806
vt 0.495663 0.067121
vt 0.46264 0.196123
vt 0.444562 0.181097
vt 0.337503 0.395838
vt 0.46264 0.196123
vt 0.602707 0.019806
vt 0.551219 0.020219
vt 0.46264 0.196123
vt 0.444562 0.181097
vt 0.495663 0.067121
vt 0.46264 0.196123
vt 0.474674 0.219205
vt 0.342819 0.452475
vt 0.46264 0.196123
vt 0.602707 0.019806
vt 0.474674 0.219205
vt 0.474674 0.219205
vt 0.602707 0.019806
vt 0.46264 0.196123
vt 0.474674 0.219205
vt 0.348366 0.50908
vt 0.342819 0.452475
vt 0.348366 0.50908
vt 0.217877 0.350104
vt 0.342819 0.452475
vt 0.348366 0.50908
vt 0.232564 0.304314
vt 0.217877 0.350104
vt 0.143667 0.224276
vt 0.030252 0.209939
vt 0.092107 0.180786
vt 0.143667 0.224276
vt 0.232564 0.304314
vt 0.148218 0.179861
vt 0.143667 0.224276
vt 0.232564 0.304314
vt 0.217877 0.350104
vt 0.217877 0.350104
vt 0.232564 0.304314
vt 0.143667 0.224276
vt 0.217877 0.350104
vt 0.232564 0.304314
vt 0.342819 0.452475
vt 0.232564 0.304314
vt 0.254998 0.250401
vt 0.158464 0.100781
vt 0.232564 0.304314
vt 0.254998 0.250401
vt 0.337503 0.395838
vt 0.105052 0.818988
vt 0.105052 0.732666
vt 0.015286 0.818988
vt 0.105052 0.818988
vt 0.207081 0.886178
vt 0.207081 0.818988
vt 0.105052 0.818988
vt 0.207081 0.732666
vt 0.207081 0.818988
vt 0.105052 0.818988
vt 0.105052 0.732666
vt 0.207081 0.732666
vt 0.105052 0.818988
vt 0.122136 0.886178
vt 0.015286 0.818988
vt 0.105052 0.818988
vt 0.207081 0.886178
vt 0.122136 0.886178
vt 0.307952 0.818988
vt 0.207081 0.732666
vt 0.207081 0.818988
vt 0.307952 0.818988
vt 0.307952 0.732666
vt 0.207081 0.732666
vt 0.307952 0.818988
vt 0.352835 0.818988
vt 0.307952 0.732666
vt 0.307952 0.818988
vt 0.207081 0.886178
vt 0.207081 0.818988
vt 0.307952 0.818988
vt 0.352835 0.818988
vt 0.290868 0.886178
vt 0.207081 0.818988
vt 0.207081 0.732666
vt 0.307952 0.818988
vt 0.207081 0.818988
vt 0.207081 0.886178
vt 0.105052 0.818988
vt 0.207081 0.818988
vt 0.207081 0.732666
vt 0.105052 0.818988
vt 0.207081 0.818988
vt 0.290868 0.886178
vt 0.307952 0.818988
vt 0.207081 0.818988
vt 0.207081 0.886178
vt 0.290868 0.886178
vt 0.207081 0.979553
vt 0.265673 0.939412
vt 0.207081 0.939412
vt 0.207081 0.979553
vt 0.308592 0.939412
vt 0.265673 0.939412
vt 0.207081 0.979553
vt 0.104412 0.939412
vt 0.147331 0.939412
vt 0.207081 0.979553
vt 0.207081 0.939412
vt 0.265673 0.939412
vt 0.59302 0.759113
vt 0.546986 0.759207
vt 0.593104 0.70145
vt 0.59302 0.759113
vt 0.546986 0.759207
vt 0.552845 0.804108
vt 0.015286 0.818988
vt 0.105052 0.732666
vt 0.105052 0.818988
vt 0.015286 0.818988
vt 0.105052 0.732666
vt 0.015286 0.732666
vt 0.015286 0.818988
vt 0.122136 0.886178
vt 0.105052 0.818988
vt 0.015286 0.818988
vt 0.051301 0.886178
vt 0.122136 0.886178
vt 0.593104 0.70145
vt 0.54707 0.701544
vt 0.593191 0.641878
vt 0.593104 0.70145
vt 0.546986 0.759207
vt 0.54707 0.701544
vt 0.593104 0.70145
vt 0.546986 0.759207
vt 0.59302 0.759113
vt 0.015286 0.732666
vt 0.105052 0.732666
vt 0.015286 0.818988
vt 0.015286 0.732666
vt 0.015286 0.643486
vt 0.105052 0.732666
vt 0.207081 0.732666
vt 0.105052 0.732666
vt 0.105052 0.818988
vt 0.207081 0.732666
vt 0.105052 0.643486
vt 0.105052 0.732666
vt 0.207081 0.732666
vt 0.207081 0.643486
vt 0.105052 0.643486
vt 0.207081 0.732666
vt 0.307952 0.732666
vt 0.307952 0.818988
vt 0.207081 0.732666
vt 0.307952 0.643486
vt 0.307952 0.732666
vt 0.207081 0.732666
vt 0.207081 0.643486
vt 0.307952 0.643486
vt 0.307952 0.732666
vt 0.352835 0.818988
vt 0.307952 0.818988
vt 0.307952 0.732666
vt 0.307952 0.643486
vt 0.207081 0.732666
vt 0.307952 0.732666
vt 0.352835 0.643486
vt 0.307952 0.643486
vt 0.307952 0.732666
vt 0.352835 0.732666
vt 0.352835 0.643486
vt 0.307952 0.732666
vt 0.352835 0.818988
vt 0.352835 0.732666
vt 0.105052 0.732666
vt 0.105052 0.643486
vt 0.207081 0.732666
vt 0.105052 0.732666
vt 0.015286 0.643486
vt 0.105052 0.643486
vt 0.105052 0.732666
vt 0.015286 0.643486
vt 0.015286 0.732666
vt 0.290868 0.886178
vt 0.207081 0.886178
vt 0.307952 0.818988
vt 0.290868 0.886178
vt 0.308592 0.939412
vt 0.265673 0.939412
vt 0.290868 0.886178
vt 0.207081 0.939412
vt 0.207081 0.886178
vt 0.290868 0.886178
vt 0.352835 0.818988
vt 0.361703 0.886178
vt 0.290868 0.886178
vt 0.265673 0.939412
vt 0.361703 0.886178
vt 0.290868 0.886178
vt 0.352835 0.818988
vt 0.307952 0.818988
vt 0.122136 0.886178
vt 0.207081 0.886178
vt 0.105052 0.818988
vt 0.122136 0.886178
vt 0.207081 0.939412
vt 0.207081 0.886178
vt 0.122136 0.886178
vt 0.104412 0.939412
vt 0.147331 0.939412
vt 0.122136 0.886178
vt 0.051301 0.886178
vt 0.015286 0.818988
vt 0.122136 0.886178
vt 0.104412 0.939412
vt 0.051301 0.886178
vt 0.122136 0.886178
vt 0.207081 0.939412
vt 0.147331 0.939412
vt 0.361703 0.886178
vt 0.308592 0.939412
vt 0.290868 0.886178
vt 0.361703 0.886178
vt 0.352835 0.818988
vt 0.290868 0.886178
vt 0.361703 0.886178
vt 0.408839 0.835547
vt 0.352835 0.818988
vt 0.051301 0.886178
vt 0.104412 0.939412
vt 0.122136 0.886178
vt 0.207081 0.886178
vt 0.207081 0.939412
vt 0.122136 0.886178
vt 0.207081 0.886178
vt 0.207081 0.939412
vt 0.290868 0.886178
vt 0.207081 0.939412
vt 0.147331 0.939412
vt 0.207081 0.979553
vt 0.207081 0.939412
vt 0.265673 0.939412
vt 0.290868 0.886178
vt 0.147331 0.939412
vt 0.104412 0.939412
vt 0.122136 0.886178
vt 0.147331 0.939412
vt 0.207081 0.939412
vt 0.207081 0.979553
vt 0.147331 0.939412
vt 0.207081 0.939412
vt 0.122136 0.886178
vt 0.147331 0.939412
vt 0.104412 0.939412
vt 0.207081 0.979553
vt 0.265673 0.939412
vt 0.308592 0.939412
vt 0.361703 0.886178
vt 0.265673 0.939412
vt 0.308592 0.939412
vt 0.207081 0.979553
vt 0.265673 0.939412
vt 0.207081 0.939412
vt 0.290868 0.886178
vt 0.105052 0.643486
vt 0.015286 0.643486
vt 0.105052 0.732666
vt 0.105052 0.643486
vt 0.122136 0.576296
vt 0.015286 0.643486
vt 0.105052 0.643486
vt 0.207081 0.643486
vt 0.207081 0.732666
vt 0.105052 0.643486
vt 0.122136 0.576296
vt 0.207081 0.643486
vt 0.307952 0.643486
vt 0.207081 0.643486
vt 0.207081 0.732666
vt 0.307952 0.643486
vt 0.290868 0.576296
vt 0.207081 0.643486
vt 0.307952 0.643486
vt 0.352835 0.643486
vt 0.290868 0.576296
vt 0.307952 0.643486
vt 0.352835 0.732666
vt 0.307952 0.732666
vt 0.207081 0.643486
vt 0.290868 0.576296
vt 0.307952 0.643486
vt 0.207081 0.643486
vt 0.207081 0.576296
vt 0.290868 0.576296
vt 0.207081 0.643486
vt 0.122136 0.576296
vt 0.105052 0.643486
vt 0.207081 0.643486
vt 0.207081 0.576296
vt 0.122136 0.576296
vt 0.207081 0.482922
vt 0.147331 0.523063
vt 0.207081 0.523063
vt 0.207081 0.482922
vt 0.308592 0.523063
vt 0.265673 0.523063
vt 0.207081 0.482922
vt 0.104412 0.523063
vt 0.147331 0.523063
vt 0.207081 0.482922
vt 0.207081 0.523063
vt 0.147331 0.523063
vt 0.593191 0.641878
vt 0.547157 0.641972
vt 0.553147 0.597107
vt 0.593191 0.641878
vt 0.547157 0.641972
vt 0.593104 0.70145
vt 0.593191 0.641878
vt 0.54707 0.701544
vt 0.547157 0.641972
vt 0.015286 0.643486
vt 0.122136 0.576296
vt 0.105052 0.643486
vt 0.015286 0.643486
vt 0.051301 0.576296
vt 0.122136 0.576296
vt 0.290868 0.576296
vt 0.265673 0.523063
vt 0.361703 0.576296
vt 0.290868 0.576296
vt 0.207081 0.523063
vt 0.265673 0.523063
vt 0.290868 0.576296
vt 0.352835 0.643486
vt 0.307952 0.643486
vt 0.290868 0.576296
vt 0.207081 0.576296
vt 0.207081 0.643486
vt 0.290868 0.576296
vt 0.265673 0.523063
vt 0.207081 0.576296
vt 0.290868 0.576296
vt 0.352835 0.643486
vt 0.361703 0.576296
vt 0.122136 0.576296
vt 0.051301 0.576296
vt 0.015286 0.643486
vt 0.122136 0.576296
vt 0.147331 0.523063
vt 0.051301 0.576296
vt 0.122136 0.576296
vt 0.207081 0.576296
vt 0.207081 0.643486
vt 0.122136 0.576296
vt 0.147331 0.523063
vt 0.207081 0.576296
vt 0.122136 0.576296
vt 0.104412 0.523063
vt 0.147331 0.523063
vt 0.361703 0.576296
vt 0.265673 0.523063
vt 0.290868 0.576296
vt 0.361703 0.576296
vt 0.308592 0.523063
vt 0.265673 0.523063
vt 0.361703 0.576296
vt 0.352835 0.643486
vt 0.290868 0.576296
vt 0.361703 0.576296
vt 0.400695 0.596922
vt 0.352835 0.643486
vt 0.051301 0.576296
vt 0.104412 0.523063
vt 0.122136 0.576296
vt 0.207081 0.576296
vt 0.207081 0.523063
vt 0.290868 0.576296
vt 0.207081 0.576296
vt 0.207081 0.523063
vt 0.122136 0.576296
vt 0.207081 0.576296
vt 0.265673 0.523063
vt 0.207081 0.523063
vt 0.207081 0.523063
vt 0.147331 0.523063
vt 0.122136 0.576296
vt 0.207081 0.523063
vt 0.265673 0.523063
vt 0.207081 0.482922
vt 0.147331 0.523063
vt 0.104412 0.523063
vt 0.207081 0.482922
vt 0.147331 0.523063
vt 0.207081 0.523063
vt 0.207081 0.576296
vt 0.147331 0.523063
vt 0.104412 0.523063
vt 0.051301 0.576296
vt 0.265673 0.523063
vt 0.308592 0.523063
vt 0.207081 0.482922
vt 0.265673 0.523063
vt 0.308592 0.523063
vt 0.361703 0.576296
vt 0.265673 0.523063
vt 0.207081 0.523063
vt 0.207081 0.482922
vt 0.352835 0.643486
vt 0.352835 0.732666
vt 0.307952 0.643486
vt 0.352835 0.643486
vt 0.395084 0.649109
vt 0.352835 0.732666
vt 0.352835 0.643486
vt 0.400695 0.596922
vt 0.361703 0.576296
vt 0.352835 0.732666
vt 0.352835 0.818988
vt 0.307952 0.732666
vt 0.352835 0.732666
vt 0.399696 0.784253
vt 0.352835 0.818988
vt 0.352835 0.732666
vt 0.397427 0.717781
vt 0.399696 0.784253
vt 0.352835 0.732666
vt 0.395084 0.649109
vt 0.397427 0.717781
vt 0.352835 0.732666
vt 0.395084 0.649109
vt 0.352835 0.643486
vt 0.352835 0.732666
vt 0.399696 0.784253
vt 0.397427 0.717781
vt 0.352835 0.818988
vt 0.399696 0.784253
vt 0.361703 0.886178
vt 0.352835 0.818988
vt 0.399696 0.784253
vt 0.352835 0.732666
vt 0.352835 0.818988
vt 0.408839 0.835547
vt 0.399696 0.784253
vt 0.462139 0.801013
vt 0.408839 0.835547
vt 0.452721 0.757383
vt 0.462139 0.801013
vt 0.488186 0.800834
vt 0.452721 0.757383
vt 0.445851 0.595343
vt 0.400695 0.596922
vt 0.443496 0.640902
vt 0.445851 0.595343
vt 0.395084 0.649109
vt 0.400695 0.596922
vt 0.445851 0.595343
vt 0.480193 0.594499
vt 0.443496 0.640902
vt 0.443496 0.640902
vt 0.395084 0.649109
vt 0.445851 0.595343
vt 0.443496 0.640902
vt 0.476021 0.639711
vt 0.448184 0.700091
vt 0.443496 0.640902
vt 0.395084 0.649109
vt 0.448184 0.700091
vt 0.443496 0.640902
vt 0.400695 0.596922
vt 0.395084 0.649109
vt 0.443496 0.640902
vt 0.480193 0.594499
vt 0.445851 0.595343
vt 0.448184 0.700091
vt 0.397427 0.717781
vt 0.443496 0.640902
vt 0.448184 0.700091
vt 0.480548 0.756569
vt 0.452721 0.757383
vt 0.448184 0.700091
vt 0.478321 0.699091
vt 0.480548 0.756569
vt 0.448184 0.700091
vt 0.476021 0.639711
vt 0.478321 0.699091
vt 0.448184 0.700091
vt 0.397427 0.717781
vt 0.452721 0.757383
vt 0.448184 0.700091
vt 0.395084 0.649109
vt 0.397427 0.717781
vt 0.448184 0.700091
vt 0.476021 0.639711
vt 0.443496 0.640902
vt 0.448184 0.700091
vt 0.480548 0.756569
vt 0.478321 0.699091
vt 0.452721 0.757383
vt 0.399696 0.784253
vt 0.448184 0.700091
vt 0.452721 0.757383
vt 0.408839 0.835547
vt 0.399696 0.784253
vt 0.452721 0.757383
vt 0.480548 0.756569
vt 0.462139 0.801013
vt 0.452721 0.757383
vt 0.408839 0.835547
vt 0.462139 0.801013
vt 0.452721 0.757383
vt 0.480548 0.756569
vt 0.448184 0.700091
vt 0.452721 0.757383
vt 0.488186 0.800834
vt 0.480548 0.756569
vt 0.552845 0.804108
vt 0.546986 0.759207
vt 0.59302 0.759113
vt 0.552845 0.804108
vt 0.480548 0.756569
vt 0.546986 0.759207
vt 0.552845 0.804108
vt 0.488186 0.800834
vt 0.480548 0.756569
vt 0.553147 0.597107
vt 0.547157 0.641972
vt 0.593191 0.641878
vt 0.553147 0.597107
vt 0.476021 0.639711
vt 0.547157 0.641972
vt 0.553147 0.597107
vt 0.480193 0.594499
vt 0.476021 0.639711
vt 0.553147 0.597107
vt 0.476021 0.639711
vt 0.480193 0.594499
vt 0.547157 0.641972
vt 0.476021 0.639711
vt 0.553147 0.597107
vt 0.547157 0.641972
vt 0.54707 0.701544
vt 0.593104 0.70145
vt 0.547157 0.641972
vt 0.478321 0.699091
vt 0.54707 0.701544
vt 0.547157 0.641972
vt 0.476021 0.639711
vt 0.478321 0.699091
vt 0.54707 0.701544
vt 0.478321 0.699091
vt 0.547157 0.641972
vt 0.54707 0.701544
vt 0.546986 0.759207
vt 0.593104 0.70145
vt 0.54707 0.701544
vt 0.478321 0.699091
vt 0.546986 0.759207
vt 0.546986 0.759207
vt 0.478321 0.699091
vt 0.54707 0.701544
vt 0.546986 0.759207
vt 0.480548 0.756569
vt 0.552845 0.804108
vt 0.399696 0.784253
vt 0.397427 0.717781
vt 0.448184 0.700091
vt 0.399696 0.784253
vt 0.408839 0.835547
vt 0.361703 0.886178
vt 0.397427 0.717781
vt 0.395084 0.649109
vt 0.352835 0.732666
vt 0.397427 0.717781
vt 0.399696 0.784253
vt 0.452721 0.757383
vt 0.397427 0.717781
vt 0.395084 0.649109
vt 0.443496 0.640902
vt 0.395084 0.649109
vt 0.400695 0.596922
vt 0.352835 0.643486
vt 0.400695 0.596922
vt 0.395084 0.649109
vt 0.352835 0.643486
vt 0.399696 0.784253
vt 0.408839 0.835547
vt 0.452721 0.757383
vt 0.480548 0.756569
vt 0.478321 0.699091
vt 0.546986 0.759207
vt 0.480548 0.756569
vt 0.488186 0.800834
vt 0.462139 0.801013
vt 0.478321 0.699091
vt 0.476021 0.639711
vt 0.448184 0.700091
vt 0.478321 0.699091
vt 0.480548 0.756569
vt 0.546986 0.759207
vt 0.478321 0.699091
vt 0.476021 0.639711
vt 0.547157 0.641972
vt 0.476021 0.639711
vt 0.480193 0.594499
vt 0.443496 0.640902
vt 0.480193 0.594499
vt 0.476021 0.639711
vt 0.443496 0.640902
vt 0.480548 0.756569
vt 0.488186 0.800834
vt 0.552845 0.804108
vt 0.745128 0.895324
vt 0.735181 0.87764
vt 0.76 0.869104
vt 0.745128 0.895324
vt 0.71727 0.901195
vt 0.735181 0.87764
vt 0.76 0.869104
vt 0.735198 0.877634
vt 0.762807 0.87907
vt 0.76 0.869104
vt 0.717945 0.796903
vt 0.735198 0.877634
vt 0.735181 0.87764
vt 0.737162 0.776896
vt 0.76 0.869104
vt 0.735181 0.87764
vt 0.71793 0.796907
vt 0.737162 0.776896
vt 0.735198 0.877634
vt 0.71727 0.901195
vt 0.745142 0.895314
vt 0.735198 0.877634
vt 0.698382 0.812198
vt 0.71727 0.901195
vt 0.735198 0.877634
vt 0.717945 0.796903
vt 0.698382 0.812198
vt 0.71727 0.901195
vt 0.71793 0.796907
vt 0.735181 0.87764
vt 0.71727 0.901195
vt 0.698382 0.812198
vt 0.71793 0.796907
vt 0.737162 0.776896
vt 0.717945 0.796903
vt 0.76 0.869104
vt 0.737162 0.776896
vt 0.717571 0.690118
vt 0.717945 0.796903
vt 0.71793 0.796907
vt 0.736891 0.689405
vt 0.737162 0.776896
vt 0.71793 0.796907
vt 0.717557 0.690119
vt 0.736891 0.689405
vt 0.698382 0.812198
vt 0.717557 0.690119
vt 0.71793 0.796907
vt 0.698382 0.812198
vt 0.698238 0.690833
vt 0.717557 0.690119
vt 0.717945 0.796903
vt 0.698238 0.690833
vt 0.698382 0.812198
vt 0.717945 0.796903
vt 0.717571 0.690118
vt 0.698238 0.690833
vt 0.736891 0.689405
vt 0.717571 0.690118
vt 0.737162 0.776896
vt 0.736891 0.689405
vt 0.725991 0.631901
vt 0.717571 0.690118
vt 0.717557 0.690119
vt 0.740166 0.634474
vt 0.736891 0.689405
vt 0.717557 0.690119
vt 0.725981 0.631899
vt 0.740166 0.634474
vt 0.698238 0.690833
vt 0.725981 0.631899
vt 0.717557 0.690119
vt 0.698238 0.690833
vt 0.711805 0.629327
vt 0.725981 0.631899
vt 0.717571 0.690118
vt 0.711805 0.629327
vt 0.698238 0.690833
vt 0.717571 0.690118
vt 0.725991 0.631901
vt 0.711805 0.629327
vt 0.740166 0.634474
vt 0.725991 0.631901
vt 0.736891 0.689405
vt 0.740166 0.634474
vt 0.753011 0.562381
vt 0.725991 0.631901
vt 0.725981 0.631899
vt 0.753011 0.562381
vt 0.740166 0.634474
vt 0.711805 0.629327
vt 0.753011 0.562381
vt 0.725981 0.631899
vt 0.725991 0.631901
vt 0.753011 0.562381
vt 0.711805 0.629327
vt 0.745128 0.895324
vt 0.735181 0.87764
vt 0.76 0.869104
vt 0.745128 0.895324
vt 0.71727 0.901195
vt 0.735181 0.87764
vt 0.76 0.869104
vt 0.735198 0.877634
vt 0.762807 0.87907
vt 0.76 0.869104
vt 0.717945 0.796903
vt 0.735198 0.877634
vt 0.735181 0.87764
vt 0.737162 0.776896
vt 0.76 0.869104
vt 0.735181 0.87764
vt 0.71793 0.796907
vt 0.737162 0.776896
vt 0.735198 0.877634
vt 0.71727 0.901195
vt 0.745142 0.895314
vt 0.735198 0.877634
vt 0.698382 0.812198
vt 0.71727 0.901195
vt 0.735198 0.877634
vt 0.717945 0.796903
vt 0.698382 0.812198
vt 0.71727 0.901195
vt 0.71793 0.796907
vt 0.735181 0.87764
vt 0.71727 0.901195
vt 0.698382 0.812198
vt 0.71793 0.796907
vt 0.737162 0.776896
vt 0.717945 0.796903
vt 0.76 0.869104
vt 0.737162 0.776896
vt 0.717571 0.690118
vt 0.717945 0.796903
vt 0.71793 0.796907
vt 0.736891 0.689405
vt 0.737162 0.776896
vt 0.71793 0.796907
vt 0.717557 0.690119
vt 0.736891 0.689405
vt 0.698382 0.812198
vt 0.717557 0.690119
vt 0.71793 0.796907
vt 0.698382 0.812198
vt 0.698238 0.690833
vt 0.717557 0.690119
vt 0.717945 0.796903
vt 0.698238 0.690833
vt 0.698382 0.812198
vt 0.717945 0.796903
vt 0.717571 0.690118
vt 0.698238 0.690833
vt 0.736891 0.689405
vt 0.717571 0.690118
vt 0.737162 0.776896
vt 0.736891 0.689405
vt 0.725991 0.631901
vt 0.717571 0.690118
vt 0.717557 0.690119
vt 0.740166 0.634474
vt 0.736891 0.689405
vt 0.717557 0.690119
vt 0.725981 0.631899
vt 0.740166 0.634474
vt 0.698238 0.690833
vt 0.725981 0.631899
vt 0.717557 0.690119
vt 0.698238 0.690833
vt 0.711805 0.629327
vt 0.725981 0.631899
vt 0.717571 0.690118
vt 0.711805 0.629327
vt 0.698238 0.690833
vt 0.717571 0.690118
vt 0.725991 0.631901
vt 0.711805 0.629327
vt 0.740166 0.634474
vt 0.725991 0.631901
vt 0.736891 0.689405
vt 0.740166 0.634474
vt 0.753011 0.562381
vt 0.725991 0.631901
vt 0.725981 0.631899
vt 0.753011 0.562381
vt 0.740166 0.634474
vt 0.711805 0.629327
vt 0.753011 0.562381
vt 0.725981 0.631899
vt 0.725991 0.631901
vt 0.753011 0.562381
vt 0.711805 0.629327

# 1548 Vertex Normals
vn 0.491584 -0.869684 0.044669
vn 0.728787 -0.044422 -0.683298
vn 0.801964 0.160338 -0.575452
vn 0.491584 -0.869684 0.044669
vn 0.644921 0.465604 0.606044
vn -0.558732 -0.002377 0.829345
vn -0.558732 -0.002377 0.829345
vn -0.292325 -0.923194 -0.249518
vn 0.491584 -0.869684 0.044669
vn -0.558732 -0.002377 0.829345
vn -0.732321 -0.018785 0.680701
vn -0.292325 -0.923194 -0.249518
vn -0.558732 -0.002377 0.829345
vn 0.313504 0.902725 0.294622
vn -0.732321 -0.018785 0.680701
vn -0.558732 -0.002377 0.829345
vn 0.644921 0.465604 0.606044
vn 0.313504 0.902725 0.294622
vn 0.801964 0.160338 -0.575452
vn 0.644921 0.465604 0.606044
vn 0.491584 -0.869684 0.044669
vn -0.292325 -0.923194 -0.249518
vn 0.728787 -0.044422 -0.683298
vn 0.491584 -0.869684 0.044669
vn -0.292325 -0.923194 -0.249518
vn 0.768437 0.159303 -0.619779
vn 0.728787 -0.044422 -0.683298
vn -0.292325 -0.923194 -0.249518
vn -0.567151 -0.670028 -0.478959
vn 0.768437 0.159303 -0.619779
vn -0.732321 -0.018785 0.680701
vn -0.567151 -0.670028 -0.478959
vn -0.292325 -0.923194 -0.249518
vn 0.728787 -0.044422 -0.683298
vn 0.313504 0.902725 0.294622
vn 0.801964 0.160338 -0.575452
vn 0.728787 -0.044422 -0.683298
vn 0.768437 0.159303 -0.619779
vn 0.313504 0.902725 0.294622
vn -0.019269 -0.999711 -0.01441
vn 0.705552 0.036539 -0.707716
vn 0.472485 -0.011965 -0.881257
vn -0.019269 -0.999711 -0.01441
vn 0.636592 -0.497158 0.589563
vn 0.705552 0.036539 -0.707716
vn -0.019269 -0.999711 -0.01441
vn -0.658945 0.054998 0.750178
vn -0.64178 0.098441 0.760544
vn -0.019269 -0.999711 -0.01441
vn -0.567151 -0.670028 -0.478959
vn -0.658945 0.054998 0.750178
vn -0.64178 0.098441 0.760544
vn 0.636592 -0.497158 0.589563
vn -0.019269 -0.999711 -0.01441
vn -0.64178 0.098441 0.760544
vn -0.597116 0.573191 -0.561163
vn -0.650987 0.054869 0.757104
vn -0.64178 0.098441 0.760544
vn 0.2465 0.953269 -0.174689
vn -0.597116 0.573191 -0.561163
vn -0.64178 0.098441 0.760544
vn 0.350755 0.708191 0.612728
vn 0.2465 0.953269 -0.174689
vn -0.64178 0.098441 0.760544
vn -0.658945 0.054998 0.750178
vn 0.350755 0.708191 0.612728
vn 0.472485 -0.011965 -0.881257
vn -0.567151 -0.670028 -0.478959
vn -0.019269 -0.999711 -0.01441
vn 0.318003 -0.72521 0.610692
vn -0.650987 0.054869 0.757104
vn -0.366785 -0.506082 0.780609
vn 0.318003 -0.72521 0.610692
vn 0.636592 -0.497158 0.589563
vn -0.650987 0.054869 0.757104
vn 0.318003 -0.72521 0.610692
vn -0.729226 -0.054517 -0.682098
vn 0.85673 -0.397986 -0.328055
vn -0.366785 -0.506082 0.780609
vn -0.729226 -0.054517 -0.682098
vn 0.318003 -0.72521 0.610692
vn 0.85673 -0.397986 -0.328055
vn 0.636592 -0.497158 0.589563
vn 0.318003 -0.72521 0.610692
vn 0.85673 -0.397986 -0.328055
vn -0.729226 -0.054517 -0.682098
vn 0.705552 0.036539 -0.707716
vn 0.705552 0.036539 -0.707716
vn 0.636592 -0.497158 0.589563
vn 0.85673 -0.397986 -0.328055
vn 0.705552 0.036539 -0.707716
vn -0.597116 0.573191 -0.561163
vn 0.472485 -0.011965 -0.881257
vn 0.705552 0.036539 -0.707716
vn -0.729226 -0.054517 -0.682098
vn -0.597116 0.573191 -0.561163
vn -0.650987 0.054869 0.757104
vn 0.636592 -0.497158 0.589563
vn -0.64178 0.098441 0.760544
vn -0.650987 0.054869 0.757104
vn -0.729226 -0.054517 -0.682098
vn -0.366785 -0.506082 0.780609
vn -0.597116 0.573191 -0.561163
vn -0.729226 -0.054517 -0.682098
vn -0.650987 0.054869 0.757104
vn -0.597116 0.573191 -0.561163
vn 0.2465 0.953269 -0.174689
vn 0.472485 -0.011965 -0.881257
vn 0.2465 0.953269 -0.174689
vn 0.768437 0.159303 -0.619779
vn 0.472485 -0.011965 -0.881257
vn 0.313504 0.902725 0.294622
vn 0.644921 0.465604 0.606044
vn 0.801964 0.160338 -0.575452
vn 0.313504 0.902725 0.294622
vn 0.768437 0.159303 -0.619779
vn 0.350755 0.708191 0.612728
vn 0.313504 0.902725 0.294622
vn -0.658945 0.054998 0.750178
vn -0.732321 -0.018785 0.680701
vn 0.350755 0.708191 0.612728
vn 0.768437 0.159303 -0.619779
vn 0.2465 0.953269 -0.174689
vn 0.350755 0.708191 0.612728
vn -0.658945 0.054998 0.750178
vn 0.313504 0.902725 0.294622
vn 0.768437 0.159303 -0.619779
vn -0.567151 -0.670028 -0.478959
vn 0.472485 -0.011965 -0.881257
vn -0.658945 0.054998 0.750178
vn -0.567151 -0.670028 -0.478959
vn -0.732321 -0.018785 0.680701
vn 0.179079 -0.869684 -0.459979
vn -0.454707 -0.044422 -0.889533
vn -0.330811 0.160339 -0.929976
vn 0.179079 -0.869684 -0.459979
vn 0.760962 0.465605 -0.451828
vn 0.64214 -0.002377 0.766584
vn 0.64214 -0.002377 0.766584
vn -0.320723 -0.923194 0.211776
vn 0.179079 -0.869684 -0.459979
vn 0.64214 -0.002377 0.766584
vn 0.451231 -0.018784 0.89221
vn -0.320723 -0.923194 0.211776
vn 0.64214 -0.002377 0.766584
vn 0.369929 0.902726 -0.219634
vn 0.451231 -0.018784 0.89221
vn 0.64214 -0.002377 0.766584
vn 0.760962 0.465605 -0.451828
vn 0.369929 0.902726 -0.219634
vn -0.330811 0.160339 -0.929976
vn 0.760962 0.465605 -0.451828
vn 0.179079 -0.869684 -0.459979
vn -0.320723 -0.923194 0.211776
vn -0.454707 -0.044422 -0.889533
vn 0.179079 -0.869684 -0.459979
vn -0.320723 -0.923194 0.211776
vn -0.382689 0.159303 -0.910039
vn -0.454707 -0.044422 -0.889533
vn -0.320723 -0.923194 0.211776
vn -0.617309 -0.670028 0.4123
vn -0.382689 0.159303 -0.910039
vn 0.451231 -0.018784 0.89221
vn -0.617309 -0.670028 0.4123
vn -0.320723 -0.923194 0.211776
vn -0.454707 -0.044422 -0.889533
vn 0.369929 0.902726 -0.219634
vn -0.330811 0.160339 -0.929976
vn -0.454707 -0.044422 -0.889533
vn -0.382689 0.159303 -0.910039
vn 0.369929 0.902726 -0.219634
vn -0.019184 -0.999711 0.014524
vn -0.487568 0.030095 -0.872566
vn -0.71591 -0.011964 -0.69809
vn -0.019184 -0.999711 0.014524
vn 0.738402 -0.510317 -0.440839
vn -0.487568 0.030095 -0.872566
vn -0.019184 -0.999711 0.014524
vn 0.538314 0.054998 0.840948
vn 0.553028 0.098441 0.827326
vn -0.019184 -0.999711 0.014524
vn -0.617309 -0.670028 0.4123
vn 0.538314 0.054998 0.840948
vn 0.553028 0.098441 0.827326
vn 0.738402 -0.510317 -0.440839
vn -0.019184 -0.999711 0.014524
vn 0.553028 0.098441 0.827326
vn -0.706958 0.569253 0.419716
vn 0.545259 0.042281 0.8372
vn 0.553028 0.098441 0.827326
vn -0.09958 0.953269 -0.285241
vn -0.706958 0.569253 0.419716
vn 0.553028 0.098441 0.827326
vn 0.685908 0.708191 -0.16732
vn -0.09958 0.953269 -0.285241
vn 0.553028 0.098441 0.827326
vn 0.538314 0.054998 0.840948
vn 0.685908 0.708191 -0.16732
vn -0.71591 -0.011964 -0.69809
vn -0.617309 -0.670028 0.4123
vn -0.019184 -0.999711 0.014524
vn 0.665805 -0.734019 -0.133866
vn 0.545259 0.042281 0.8372
vn 0.642113 -0.526161 0.557536
vn 0.665805 -0.734019 -0.133866
vn 0.738402 -0.510317 -0.440839
vn 0.545259 0.042281 0.8372
vn 0.665805 -0.734019 -0.133866
vn -0.855859 -0.081282 0.510782
vn -0.075659 -0.4183 -0.905152
vn 0.642113 -0.526161 0.557536
vn -0.855859 -0.081282 0.510782
vn 0.665805 -0.734019 -0.133866
vn -0.075659 -0.4183 -0.905152
vn 0.738402 -0.510317 -0.440839
vn 0.665805 -0.734019 -0.133866
vn -0.075659 -0.4183 -0.905152
vn -0.855859 -0.081282 0.510782
vn -0.487568 0.030095 -0.872566
vn -0.487568 0.030095 -0.872566
vn 0.738402 -0.510317 -0.440839
vn -0.075659 -0.4183 -0.905152
vn -0.487568 0.030095 -0.872566
vn -0.706958 0.569253 0.419716
vn -0.71591 -0.011964 -0.69809
vn -0.487568 0.030095 -0.872566
vn -0.855859 -0.081282 0.510782
vn -0.706958 0.569253 0.419716
vn 0.545259 0.042281 0.8372
vn 0.738402 -0.510317 -0.440839
vn 0.553028 0.098441 0.827326
vn 0.545259 0.042281 0.8372
vn -0.855859 -0.081282 0.510782
vn 0.642113 -0.526161 0.557536
vn -0.706958 0.569253 0.419716
vn -0.855859 -0.081282 0.510782
vn 0.545259 0.042281 0.8372
vn -0.706958 0.569253 0.419716
vn -0.09958 0.953269 -0.285241
vn -0.71591 -0.011964 -0.69809
vn -0.09958 0.953269 -0.285241
vn -0.382689 0.159303 -0.910039
vn -0.71591 -0.011964 -0.69809
vn 0.369929 0.902726 -0.219634
vn 0.760962 0.465605 -0.451828
vn -0.330811 0.160339 -0.929976
vn 0.369929 0.902726 -0.219634
vn -0.382689 0.159303 -0.910039
vn 0.685908 0.708191 -0.16732
vn 0.369929 0.902726 -0.219634
vn 0.538314 0.054998 0.840948
vn 0.451231 -0.018784 0.89221
vn 0.685908 0.708191 -0.16732
vn -0.382689 0.159303 -0.910039
vn -0.09958 0.953269 -0.285241
vn 0.685908 0.708191 -0.16732
vn 0.538314 0.054998 0.840948
vn 0.369929 0.902726 -0.219634
vn -0.382689 0.159303 -0.910039
vn -0.617309 -0.670028 0.4123
vn -0.71591 -0.011964 -0.69809
vn 0.538314 0.054998 0.840948
vn -0.617309 -0.670028 0.4123
vn 0.451231 -0.018784 0.89221
vn 0.400409 -0.869684 -0.288656
vn 0.102084 -0.044422 -0.993783
vn 0.228055 0.160338 -0.960356
vn 0.400409 -0.869684 -0.288656
vn 0.884317 0.465605 0.034592
vn 0.122072 -0.002377 0.992518
vn 0.122072 -0.002377 0.992518
vn -0.38432 -0.923194 0.003335
vn 0.400409 -0.869684 -0.288656
vn 0.122072 -0.002377 0.992518
vn -0.106456 -0.018784 0.99414
vn -0.38432 -0.923194 0.003335
vn 0.122072 -0.002377 0.992518
vn 0.429888 0.902725 0.016827
vn -0.106456 -0.018784 0.99414
vn 0.122072 -0.002377 0.992518
vn 0.884317 0.465605 0.034592
vn 0.429888 0.902725 0.016827
vn 0.228055 0.160338 -0.960356
vn 0.884317 0.465605 0.034592
vn 0.400409 -0.869684 -0.288656
vn -0.38432 -0.923194 0.003335
vn 0.102084 -0.044422 -0.993783
vn 0.400409 -0.869684 -0.288656
vn -0.38432 -0.923194 0.003335
vn 0.173675 0.159303 -0.971833
vn 0.102084 -0.044422 -0.993783
vn -0.38432 -0.923194 0.003335
vn -0.742263 -0.670028 0.010352
vn 0.173675 0.159303 -0.971833
vn -0.106456 -0.018784 0.99414
vn -0.742263 -0.670028 0.010352
vn -0.38432 -0.923194 0.003335
vn 0.102084 -0.044422 -0.993783
vn 0.429888 0.902725 0.016827
vn 0.228055 0.160338 -0.960356
vn 0.102084 -0.044422 -0.993783
vn 0.173675 0.159303 -0.971833
vn 0.429888 0.902725 0.016827
vn -0.023999 -0.99971 0.001761
vn 0.066761 0.03303 -0.997222
vn -0.221229 -0.011964 -0.975149
vn -0.023999 -0.99971 0.001761
vn 0.862926 -0.504452 0.02976
vn 0.066761 0.03303 -0.997222
vn -0.023999 -0.99971 0.001761
vn -0.005499 0.054999 0.998471
vn 0.014256 0.098441 0.995041
vn -0.023999 -0.99971 0.001761
vn -0.742263 -0.670028 0.010352
vn -0.005499 0.054999 0.998471
vn 0.014256 0.098441 0.995041
vn 0.862926 -0.504452 0.02976
vn -0.023999 -0.99971 0.001761
vn 0.014256 0.098441 0.995041
vn -0.820282 0.571056 -0.032118
vn 0.003586 0.047943 0.998844
vn 0.014256 0.098441 0.995041
vn 0.071532 0.953269 -0.293532
vn -0.820282 0.571056 -0.032118
vn 0.014256 0.098441 0.995041
vn 0.666623 0.708191 0.232549
vn 0.071532 0.953269 -0.293532
vn 0.014256 0.098441 0.995041
vn -0.005499 0.054999 0.998471
vn 0.666623 0.708191 0.232549
vn -0.221229 -0.011964 -0.975149
vn -0.742263 -0.670028 0.010352
vn -0.023999 -0.99971 0.001761
vn 0.635575 -0.73012 0.250937
vn 0.003586 0.047943 0.998844
vn 0.235452 -0.517144 0.822876
vn 0.635575 -0.73012 0.250937
vn 0.862926 -0.504452 0.02976
vn 0.003586 0.047943 0.998844
vn 0.635575 -0.73012 0.250937
vn -0.99693 -0.069158 -0.036716
vn 0.430075 -0.409154 -0.804754
vn 0.235452 -0.517144 0.822876
vn -0.99693 -0.069158 -0.036716
vn 0.635575 -0.73012 0.250937
vn 0.430075 -0.409154 -0.804754
vn 0.862926 -0.504452 0.02976
vn 0.635575 -0.73012 0.250937
vn 0.430075 -0.409154 -0.804754
vn -0.99693 -0.069158 -0.036716
vn 0.066761 0.03303 -0.997222
vn 0.066761 0.03303 -0.997222
vn 0.862926 -0.504452 0.02976
vn 0.430075 -0.409154 -0.804754
vn 0.066761 0.03303 -0.997222
vn -0.820282 0.571056 -0.032118
vn -0.221229 -0.011964 -0.975149
vn 0.066761 0.03303 -0.997222
vn -0.99693 -0.069158 -0.036716
vn -0.820282 0.571056 -0.032118
vn 0.003586 0.047943 0.998844
vn 0.862926 -0.504452 0.02976
vn 0.014256 0.098441 0.995041
vn 0.003586 0.047943 0.998844
vn -0.99693 -0.069158 -0.036716
vn 0.235452 -0.517144 0.822876
vn -0.820282 0.571056 -0.032118
vn -0.99693 -0.069158 -0.036716
vn 0.003586 0.047943 0.998844
vn -0.820282 0.571056 -0.032118
vn 0.071532 0.953269 -0.293532
vn -0.221229 -0.011964 -0.975149
vn 0.071532 0.953269 -0.293532
vn 0.173675 0.159303 -0.971833
vn -0.221229 -0.011964 -0.975149
vn 0.429888 0.902725 0.016827
vn 0.884317 0.465605 0.034592
vn 0.228055 0.160338 -0.960356
vn 0.429888 0.902725 0.016827
vn 0.173675 0.159303 -0.971833
vn 0.666623 0.708191 0.232549
vn 0.429888 0.902725 0.016827
vn -0.005499 0.054999 0.998471
vn -0.106456 -0.018784 0.99414
vn 0.666623 0.708191 0.232549
vn 0.173675 0.159303 -0.971833
vn 0.071532 0.953269 -0.293532
vn 0.666623 0.708191 0.232549
vn -0.005499 0.054999 0.998471
vn 0.429888 0.902725 0.016827
vn 0.173675 0.159303 -0.971833
vn -0.742263 -0.670028 0.010352
vn -0.221229 -0.011964 -0.975149
vn -0.005499 0.054999 0.998471
vn -0.742263 -0.670028 0.010352
vn -0.106456 -0.018784 0.99414
vn -0.491584 -0.869684 0.044669
vn 0.292325 -0.923194 -0.249518
vn 0.558732 -0.002377 0.829345
vn -0.491584 -0.869684 0.044669
vn -0.728787 -0.044422 -0.683298
vn 0.292325 -0.923194 -0.249518
vn -0.491584 -0.869684 0.044669
vn -0.644921 0.465604 0.606044
vn -0.801964 0.160338 -0.575452
vn 0.558732 -0.002377 0.829345
vn -0.644921 0.465604 0.606044
vn -0.491584 -0.869684 0.044669
vn -0.801964 0.160338 -0.575452
vn -0.728787 -0.044422 -0.683298
vn -0.491584 -0.869684 0.044669
vn -0.801964 0.160338 -0.575452
vn -0.313504 0.902725 0.294622
vn -0.728787 -0.044422 -0.683298
vn -0.801964 0.160338 -0.575452
vn -0.644921 0.465604 0.606044
vn -0.313504 0.902725 0.294622
vn 0.292325 -0.923194 -0.249518
vn 0.732321 -0.018785 0.680701
vn 0.558732 -0.002377 0.829345
vn 0.292325 -0.923194 -0.249518
vn 0.567151 -0.670029 -0.478959
vn 0.732321 -0.018785 0.680701
vn 0.732321 -0.018785 0.680701
vn -0.313504 0.902725 0.294622
vn 0.558732 -0.002377 0.829345
vn 0.732321 -0.018785 0.680701
vn 0.658945 0.054998 0.750178
vn -0.313504 0.902725 0.294622
vn 0.732321 -0.018785 0.680701
vn 0.567151 -0.670029 -0.478959
vn 0.658945 0.054998 0.750178
vn -0.728787 -0.044422 -0.683298
vn -0.768438 0.159303 -0.619779
vn 0.292325 -0.923194 -0.249518
vn 0.019269 -0.999711 -0.01441
vn -0.636109 -0.497924 0.589438
vn 0.64178 0.098441 0.760544
vn 0.019269 -0.999711 -0.01441
vn 0.567151 -0.670029 -0.478959
vn -0.472485 -0.011964 -0.881257
vn 0.64178 0.098441 0.760544
vn -0.636109 -0.497924 0.589438
vn 0.651127 0.054148 0.757034
vn 0.64178 0.098441 0.760544
vn 0.658945 0.054998 0.750178
vn 0.019269 -0.999711 -0.01441
vn -0.472485 -0.011964 -0.881257
vn -0.705432 0.036178 -0.707854
vn 0.019269 -0.999711 -0.01441
vn -0.472485 -0.011964 -0.881257
vn 0.597227 0.572973 -0.561268
vn -0.705432 0.036178 -0.707854
vn -0.472485 -0.011964 -0.881257
vn -0.2465 0.953269 -0.174688
vn 0.597227 0.572973 -0.561268
vn -0.472485 -0.011964 -0.881257
vn -0.768438 0.159303 -0.619779
vn -0.2465 0.953269 -0.174688
vn -0.472485 -0.011964 -0.881257
vn 0.567151 -0.670029 -0.478959
vn -0.768438 0.159303 -0.619779
vn -0.317714 -0.725728 0.610227
vn -0.636109 -0.497924 0.589438
vn -0.856292 -0.399148 -0.327788
vn -0.317714 -0.725728 0.610227
vn 0.729162 -0.05603 -0.682043
vn 0.366277 -0.507234 0.780099
vn 0.366277 -0.507234 0.780099
vn 0.651127 0.054148 0.757034
vn -0.317714 -0.725728 0.610227
vn 0.366277 -0.507234 0.780099
vn 0.729162 -0.05603 -0.682043
vn 0.651127 0.054148 0.757034
vn -0.856292 -0.399148 -0.327788
vn -0.636109 -0.497924 0.589438
vn -0.705432 0.036178 -0.707854
vn -0.856292 -0.399148 -0.327788
vn 0.729162 -0.05603 -0.682043
vn -0.317714 -0.725728 0.610227
vn -0.705432 0.036178 -0.707854
vn -0.636109 -0.497924 0.589438
vn 0.019269 -0.999711 -0.01441
vn -0.705432 0.036178 -0.707854
vn 0.729162 -0.05603 -0.682043
vn -0.856292 -0.399148 -0.327788
vn 0.651127 0.054148 0.757034
vn -0.636109 -0.497924 0.589438
vn -0.317714 -0.725728 0.610227
vn 0.651127 0.054148 0.757034
vn 0.597227 0.572973 -0.561268
vn 0.64178 0.098441 0.760544
vn 0.651127 0.054148 0.757034
vn 0.729162 -0.05603 -0.682043
vn 0.597227 0.572973 -0.561268
vn 0.597227 0.572973 -0.561268
vn 0.729162 -0.05603 -0.682043
vn -0.705432 0.036178 -0.707854
vn 0.597227 0.572973 -0.561268
vn -0.2465 0.953269 -0.174688
vn 0.64178 0.098441 0.760544
vn -0.2465 0.953269 -0.174688
vn -0.350755 0.708191 0.612728
vn 0.64178 0.098441 0.760544
vn -0.2465 0.953269 -0.174688
vn -0.768438 0.159303 -0.619779
vn -0.350755 0.708191 0.612728
vn -0.313504 0.902725 0.294622
vn -0.644921 0.465604 0.606044
vn 0.558732 -0.002377 0.829345
vn -0.313504 0.902725 0.294622
vn -0.768438 0.159303 -0.619779
vn -0.728787 -0.044422 -0.683298
vn -0.313504 0.902725 0.294622
vn 0.658945 0.054998 0.750178
vn -0.350755 0.708191 0.612728
vn -0.350755 0.708191 0.612728
vn -0.768438 0.159303 -0.619779
vn -0.313504 0.902725 0.294622
vn -0.350755 0.708191 0.612728
vn 0.658945 0.054998 0.750178
vn 0.64178 0.098441 0.760544
vn -0.768438 0.159303 -0.619779
vn 0.567151 -0.670029 -0.478959
vn 0.292325 -0.923194 -0.249518
vn 0.658945 0.054998 0.750178
vn 0.567151 -0.670029 -0.478959
vn 0.019269 -0.999711 -0.01441
vn -0.179079 -0.869684 -0.459979
vn 0.320723 -0.923194 0.211776
vn -0.64214 -0.002377 0.766584
vn -0.179079 -0.869684 -0.459979
vn 0.454707 -0.044422 -0.889533
vn 0.320723 -0.923194 0.211776
vn -0.179079 -0.869684 -0.459979
vn -0.760962 0.465605 -0.451828
vn 0.330811 0.160339 -0.929976
vn -0.64214 -0.002377 0.766584
vn -0.760962 0.465605 -0.451828
vn -0.179079 -0.869684 -0.459979
vn 0.330811 0.160339 -0.929976
vn 0.454707 -0.044422 -0.889533
vn -0.179079 -0.869684 -0.459979
vn 0.330811 0.160339 -0.929976
vn -0.369929 0.902726 -0.219634
vn 0.454707 -0.044422 -0.889533
vn 0.330811 0.160339 -0.929976
vn -0.760962 0.465605 -0.451828
vn -0.369929 0.902726 -0.219634
vn 0.320723 -0.923194 0.211776
vn -0.451231 -0.018784 0.89221
vn -0.64214 -0.002377 0.766584
vn 0.320723 -0.923194 0.211776
vn 0.617309 -0.670028 0.4123
vn -0.451231 -0.018784 0.89221
vn -0.451231 -0.018784 0.89221
vn -0.369929 0.902726 -0.219634
vn -0.64214 -0.002377 0.766584
vn -0.451231 -0.018784 0.89221
vn -0.538314 0.054998 0.840948
vn -0.369929 0.902726 -0.219634
vn -0.451231 -0.018784 0.89221
vn 0.617309 -0.670028 0.4123
vn -0.538314 0.054998 0.840948
vn 0.454707 -0.044422 -0.889533
vn 0.38269 0.159303 -0.910039
vn 0.320723 -0.923194 0.211776
vn 0.019184 -0.999711 0.014524
vn -0.737993 -0.51152 -0.44013
vn -0.553028 0.098441 0.827326
vn 0.019184 -0.999711 0.014524
vn 0.617309 -0.670028 0.4123
vn 0.71591 -0.011964 -0.69809
vn -0.553028 0.098441 0.827326
vn -0.737993 -0.51152 -0.44013
vn -0.545073 0.041109 0.83738
vn -0.553028 0.098441 0.827326
vn -0.538314 0.054998 0.840948
vn 0.019184 -0.999711 0.014524
vn 0.71591 -0.011964 -0.69809
vn 0.48785 0.02948 -0.87243
vn 0.019184 -0.999711 0.014524
vn 0.71591 -0.011964 -0.69809
vn 0.707184 0.568873 0.419849
vn 0.48785 0.02948 -0.87243
vn 0.71591 -0.011964 -0.69809
vn 0.09958 0.953269 -0.285241
vn 0.707184 0.568873 0.419849
vn 0.71591 -0.011964 -0.69809
vn 0.38269 0.159303 -0.910039
vn 0.09958 0.953269 -0.285241
vn 0.71591 -0.011964 -0.69809
vn 0.617309 -0.670028 0.4123
vn 0.38269 0.159303 -0.910039
vn -0.664975 -0.734813 -0.133632
vn -0.737993 -0.51152 -0.44013
vn 0.075457 -0.420194 -0.904291
vn -0.664975 -0.734813 -0.133632
vn 0.855683 -0.083808 0.510669
vn -0.641491 -0.528024 0.55649
vn -0.641491 -0.528024 0.55649
vn -0.545073 0.041109 0.83738
vn -0.664975 -0.734813 -0.133632
vn -0.641491 -0.528024 0.55649
vn 0.855683 -0.083808 0.510669
vn -0.545073 0.041109 0.83738
vn 0.075457 -0.420194 -0.904291
vn -0.737993 -0.51152 -0.44013
vn 0.48785 0.02948 -0.87243
vn 0.075457 -0.420194 -0.904291
vn 0.855683 -0.083808 0.510669
vn -0.664975 -0.734813 -0.133632
vn 0.48785 0.02948 -0.87243
vn -0.737993 -0.51152 -0.44013
vn 0.019184 -0.999711 0.014524
vn 0.48785 0.02948 -0.87243
vn 0.855683 -0.083808 0.510669
vn 0.075457 -0.420194 -0.904291
vn -0.545073 0.041109 0.83738
vn -0.737993 -0.51152 -0.44013
vn -0.664975 -0.734813 -0.133632
vn -0.545073 0.041109 0.83738
vn 0.707184 0.568873 0.419849
vn -0.553028 0.098441 0.827326
vn -0.545073 0.041109 0.83738
vn 0.855683 -0.083808 0.510669
vn 0.707184 0.568873 0.419849
vn 0.707184 0.568873 0.419849
vn 0.855683 -0.083808 0.510669
vn 0.48785 0.02948 -0.87243
vn 0.707184 0.568873 0.419849
vn 0.09958 0.953269 -0.285241
vn -0.553028 0.098441 0.827326
vn 0.09958 0.953269 -0.285241
vn -0.685908 0.708191 -0.16732
vn -0.553028 0.098441 0.827326
vn 0.09958 0.953269 -0.285241
vn 0.38269 0.159303 -0.910039
vn -0.685908 0.708191 -0.16732
vn -0.369929 0.902726 -0.219634
vn -0.760962 0.465605 -0.451828
vn -0.64214 -0.002377 0.766584
vn -0.369929 0.902726 -0.219634
vn 0.38269 0.159303 -0.910039
vn 0.454707 -0.044422 -0.889533
vn -0.369929 0.902726 -0.219634
vn -0.538314 0.054998 0.840948
vn -0.685908 0.708191 -0.16732
vn -0.685908 0.708191 -0.16732
vn 0.38269 0.159303 -0.910039
vn -0.369929 0.902726 -0.219634
vn -0.685908 0.708191 -0.16732
vn -0.538314 0.054998 0.840948
vn -0.553028 0.098441 0.827326
vn 0.38269 0.159303 -0.910039
vn 0.617309 -0.670028 0.4123
vn 0.320723 -0.923194 0.211776
vn -0.538314 0.054998 0.840948
vn 0.617309 -0.670028 0.4123
vn 0.019184 -0.999711 0.014524
vn -0.400409 -0.869684 -0.288656
vn 0.38432 -0.923194 0.003335
vn -0.122072 -0.002377 0.992518
vn -0.400409 -0.869684 -0.288656
vn -0.102084 -0.044422 -0.993783
vn 0.38432 -0.923194 0.003335
vn -0.400409 -0.869684 -0.288656
vn -0.884317 0.465605 0.034592
vn -0.228055 0.160338 -0.960356
vn -0.122072 -0.002377 0.992518
vn -0.884317 0.465605 0.034592
vn -0.400409 -0.869684 -0.288656
vn -0.228055 0.160338 -0.960356
vn -0.102084 -0.044422 -0.993783
vn -0.400409 -0.869684 -0.288656
vn -0.228055 0.160338 -0.960356
vn -0.429888 0.902725 0.016827
vn -0.102084 -0.044422 -0.993783
vn -0.228055 0.160338 -0.960356
vn -0.884317 0.465605 0.034592
vn -0.429888 0.902725 0.016827
vn 0.38432 -0.923194 0.003335
vn 0.106456 -0.018784 0.99414
vn -0.122072 -0.002377 0.992518
vn 0.38432 -0.923194 0.003335
vn 0.742263 -0.670028 0.010352
vn 0.106456 -0.018784 0.99414
vn 0.106456 -0.018784 0.99414
vn -0.429888 0.902725 0.016827
vn -0.122072 -0.002377 0.992518
vn 0.106456 -0.018784 0.99414
vn 0.005499 0.054999 0.998471
vn -0.429888 0.902725 0.016827
vn 0.106456 -0.018784 0.99414
vn 0.742263 -0.670028 0.010352
vn 0.005499 0.054999 0.998471
vn -0.102084 -0.044422 -0.993783
vn -0.173675 0.159304 -0.971833
vn 0.38432 -0.923194 0.003335
vn 0.023999 -0.99971 0.001761
vn -0.860431 -0.508622 0.031023
vn -0.014256 0.098441 0.995041
vn 0.023999 -0.99971 0.001761
vn 0.742263 -0.670028 0.010352
vn 0.221229 -0.011964 -0.975149
vn -0.014256 0.098441 0.995041
vn -0.860431 -0.508622 0.031023
vn -0.002725 0.043926 0.999031
vn -0.014256 0.098441 0.995041
vn 0.005499 0.054999 0.998471
vn 0.023999 -0.99971 0.001761
vn 0.221229 -0.011964 -0.975149
vn -0.065714 0.030953 -0.997358
vn 0.023999 -0.99971 0.001761
vn 0.221229 -0.011964 -0.975149
vn 0.821166 0.569783 -0.032156
vn -0.065714 0.030953 -0.997358
vn 0.221229 -0.011964 -0.975149
vn -0.071532 0.953269 -0.293532
vn 0.821166 0.569783 -0.032156
vn 0.221229 -0.011964 -0.975149
vn -0.173675 0.159304 -0.971833
vn -0.071532 0.953269 -0.293532
vn 0.221229 -0.011964 -0.975149
vn 0.742263 -0.670028 0.010352
vn -0.173675 0.159304 -0.971833
vn -0.632722 -0.732896 0.250051
vn -0.860431 -0.508622 0.031023
vn -0.429103 -0.415642 -0.801943
vn -0.632722 -0.732896 0.250051
vn 0.996297 -0.077744 -0.036714
vn -0.235651 -0.523543 0.818762
vn -0.235651 -0.523543 0.818762
vn -0.002725 0.043926 0.999031
vn -0.632722 -0.732896 0.250051
vn -0.235651 -0.523543 0.818762
vn 0.996297 -0.077744 -0.036714
vn -0.002725 0.043926 0.999031
vn -0.429103 -0.415642 -0.801943
vn -0.860431 -0.508622 0.031023
vn -0.065714 0.030953 -0.997358
vn -0.429103 -0.415642 -0.801943
vn 0.996297 -0.077744 -0.036714
vn -0.632722 -0.732896 0.250051
vn -0.065714 0.030953 -0.997358
vn -0.860431 -0.508622 0.031023
vn 0.023999 -0.99971 0.001761
vn -0.065714 0.030953 -0.997358
vn 0.996297 -0.077744 -0.036714
vn -0.429103 -0.415642 -0.801943
vn -0.002725 0.043926 0.999031
vn -0.860431 -0.508622 0.031023
vn -0.632722 -0.732896 0.250051
vn -0.002725 0.043926 0.999031
vn 0.821166 0.569783 -0.032156
vn -0.014256 0.098441 0.995041
vn -0.002725 0.043926 0.999031
vn 0.996297 -0.077744 -0.036714
vn 0.821166 0.569783 -0.032156
vn 0.821166 0.569783 -0.032156
vn 0.996297 -0.077744 -0.036714
vn -0.065714 0.030953 -0.997358
vn 0.821166 0.569783 -0.032156
vn -0.071532 0.953269 -0.293532
vn -0.014256 0.098441 0.995041
vn -0.071532 0.953269 -0.293532
vn -0.666623 0.708191 0.232549
vn -0.014256 0.098441 0.995041
vn -0.071532 0.953269 -0.293532
vn -0.173675 0.159304 -0.971833
vn -0.666623 0.708191 0.232549
vn -0.429888 0.902725 0.016827
vn -0.884317 0.465605 0.034592
vn -0.122072 -0.002377 0.992518
vn -0.429888 0.902725 0.016827
vn -0.173675 0.159304 -0.971833
vn -0.102084 -0.044422 -0.993783
vn -0.429888 0.902725 0.016827
vn 0.005499 0.054999 0.998471
vn -0.666623 0.708191 0.232549
vn -0.666623 0.708191 0.232549
vn -0.173675 0.159304 -0.971833
vn -0.429888 0.902725 0.016827
vn -0.666623 0.708191 0.232549
vn 0.005499 0.054999 0.998471
vn -0.014256 0.098441 0.995041
vn -0.173675 0.159304 -0.971833
vn 0.742263 -0.670028 0.010352
vn 0.38432 -0.923194 0.003335
vn 0.005499 0.054999 0.998471
vn 0.742263 -0.670028 0.010352
vn 0.023999 -0.99971 0.001761
vn -0.861954 0.358326 0.35866
vn -0.751788 0.003204 0.659397
vn -0.0 0.343027 0.939325
vn -0.861954 0.358326 0.35866
vn -0.789047 0.613557 0.030878
vn -0.911964 0.410267 -0.001363
vn 0.861954 0.358326 0.35866
vn 0.99999 0.004443 -0.00098
vn 0.904892 0.425641 -0.000957
vn 0.861954 0.358326 0.35866
vn 0.751788 0.003204 0.659397
vn 0.99999 0.004443 -0.00098
vn 0.861954 0.358326 0.35866
vn 0.569914 0.725531 0.38575
vn -0.0 0.343027 0.939325
vn 0.861954 0.358326 0.35866
vn 0.822288 0.569072 -0.000319
vn 0.569914 0.725531 0.38575
vn -0.861793 0.312504 -0.399567
vn -0.99999 0.004443 -0.00098
vn -0.911964 0.410267 -0.001363
vn -0.861793 0.312504 -0.399567
vn -0.855225 -0.006688 -0.518214
vn -0.99999 0.004443 -0.00098
vn -0.861793 0.312504 -0.399567
vn -0.65413 0.508117 -0.560296
vn -0.855225 -0.006688 -0.518214
vn 0.872117 0.35661 -0.335023
vn 0.822288 0.569072 -0.000319
vn 0.904892 0.425641 -0.000957
vn 0.872117 0.35661 -0.335023
vn 0.64671 0.456476 -0.611062
vn 0.613933 0.658086 -0.4359
vn 0.904892 0.425641 -0.000957
vn 0.99999 0.004443 -0.00098
vn 0.872117 0.35661 -0.335023
vn 0.904892 0.425641 -0.000957
vn 0.822288 0.569072 -0.000319
vn 0.861954 0.358326 0.35866
vn -0.911964 0.410267 -0.001363
vn -0.99999 0.004443 -0.00098
vn -0.861954 0.358326 0.35866
vn -0.911964 0.410267 -0.001363
vn -0.676571 0.639952 -0.364298
vn -0.861793 0.312504 -0.399567
vn -0.911964 0.410267 -0.001363
vn -0.789047 0.613557 0.030878
vn -0.676571 0.639952 -0.364298
vn 0.001726 0.999869 0.01609
vn -0.3837 0.856843 -0.344376
vn -0.517254 0.854936 0.039133
vn 0.001726 0.999869 0.01609
vn 0.047439 0.844935 -0.532761
vn -0.3837 0.856843 -0.344376
vn 0.001726 0.999869 0.01609
vn 0.003052 0.934884 0.354941
vn 0.354748 0.911133 0.209738
vn 0.001726 0.999869 0.01609
vn 0.51054 0.858371 0.050472
vn 0.385792 0.898472 -0.209553
vn -0.0 0.547691 -0.83668
vn 0.767058 0.384584 -0.513534
vn -0.145357 0.050505 -0.988089
vn -0.0 0.547691 -0.83668
vn -0.765027 0.387363 -0.514474
vn -0.0 0.932234 -0.361857
vn -0.0 0.343027 0.939325
vn 0.751788 0.003204 0.659397
vn 0.861954 0.358326 0.35866
vn -0.0 0.343027 0.939325
vn -0.751788 0.003204 0.659397
vn 0.0 0.0 1.0
vn -0.0 0.343027 0.939325
vn -0.576174 0.722391 0.382328
vn -0.861954 0.358326 0.35866
vn -0.0 0.343027 0.939325
vn 0.0 0.762085 0.647477
vn -0.576174 0.722391 0.382328
vn -0.145357 0.050505 -0.988089
vn 0.803056 -0.025952 -0.595338
vn 0.200156 -0.462181 -0.863902
vn -0.145357 0.050505 -0.988089
vn 0.767058 0.384584 -0.513534
vn 0.803056 -0.025952 -0.595338
vn -0.145357 0.050505 -0.988089
vn -0.765027 0.387363 -0.514474
vn -0.0 0.547691 -0.83668
vn 0.0 0.0 1.0
vn 0.751788 0.003204 0.659397
vn -0.0 0.343027 0.939325
vn 0.0 0.0 1.0
vn 0.0 -0.340446 0.940264
vn 0.751788 0.003204 0.659397
vn -0.99999 0.004443 -0.00098
vn -0.751788 0.003204 0.659397
vn -0.861954 0.358326 0.35866
vn -0.99999 0.004443 -0.00098
vn -0.849419 -0.307739 0.4287
vn -0.751788 0.003204 0.659397
vn -0.99999 0.004443 -0.00098
vn -0.917691 -0.397295 -0.00064
vn -0.849419 -0.307739 0.4287
vn 0.99999 0.004443 -0.00098
vn 0.862605 0.065969 -0.501559
vn 0.872117 0.35661 -0.335023
vn 0.99999 0.004443 -0.00098
vn 0.875334 -0.311126 -0.370123
vn 0.862605 0.065969 -0.501559
vn 0.99999 0.004443 -0.00098
vn 0.917691 -0.397295 -0.00064
vn 0.875334 -0.311126 -0.370123
vn 0.862605 0.065969 -0.501559
vn 0.64671 0.456476 -0.611062
vn 0.872117 0.35661 -0.335023
vn -0.855225 -0.006688 -0.518214
vn -0.891708 -0.305357 -0.334086
vn -0.99999 0.004443 -0.00098
vn -0.855225 -0.006688 -0.518214
vn -0.732775 -0.564634 -0.379776
vn -0.891708 -0.305357 -0.334086
vn -0.855225 -0.006688 -0.518214
vn -0.899511 -0.013677 -0.436685
vn -0.732775 -0.564634 -0.379776
vn -0.855225 -0.006688 -0.518214
vn -0.65413 0.508117 -0.560296
vn -0.899511 -0.013677 -0.436685
vn 0.751788 0.003204 0.659397
vn 0.849419 -0.307739 0.4287
vn 0.99999 0.004443 -0.00098
vn 0.751788 0.003204 0.659397
vn 0.0 -0.340446 0.940264
vn 0.849419 -0.307739 0.4287
vn -0.751788 0.003204 0.659397
vn 0.0 -0.340446 0.940264
vn 0.0 0.0 1.0
vn 0.613933 0.658086 -0.4359
vn 0.822288 0.569072 -0.000319
vn 0.872117 0.35661 -0.335023
vn 0.613933 0.658086 -0.4359
vn 0.047439 0.844935 -0.532761
vn 0.385792 0.898472 -0.209553
vn 0.613933 0.658086 -0.4359
vn 0.51054 0.858371 0.050472
vn 0.822288 0.569072 -0.000319
vn 0.613933 0.658086 -0.4359
vn 0.64671 0.456476 -0.611062
vn 0.042625 0.78311 -0.620421
vn -0.676571 0.639952 -0.364298
vn -0.3837 0.856843 -0.344376
vn 0.042625 0.78311 -0.620421
vn -0.676571 0.639952 -0.364298
vn -0.65413 0.508117 -0.560296
vn -0.861793 0.312504 -0.399567
vn -0.576174 0.722391 0.382328
vn -0.789047 0.613557 0.030878
vn -0.861954 0.358326 0.35866
vn -0.576174 0.722391 0.382328
vn -0.517254 0.854936 0.039133
vn -0.789047 0.613557 0.030878
vn -0.576174 0.722391 0.382328
vn 0.003052 0.934884 0.354941
vn -0.362623 0.911069 0.196106
vn 0.569914 0.725531 0.38575
vn 0.0 0.762085 0.647477
vn -0.0 0.343027 0.939325
vn 0.569914 0.725531 0.38575
vn 0.003052 0.934884 0.354941
vn 0.0 0.762085 0.647477
vn 0.569914 0.725531 0.38575
vn 0.51054 0.858371 0.050472
vn 0.354748 0.911133 0.209738
vn 0.042625 0.78311 -0.620421
vn 0.047439 0.844935 -0.532761
vn 0.613933 0.658086 -0.4359
vn 0.042625 0.78311 -0.620421
vn -0.65413 0.508117 -0.560296
vn -0.676571 0.639952 -0.364298
vn 0.042625 0.78311 -0.620421
vn -0.093976 0.923389 -0.372184
vn -0.65413 0.508117 -0.560296
vn 0.0 0.762085 0.647477
vn 0.003052 0.934884 0.354941
vn -0.576174 0.722391 0.382328
vn 0.822288 0.569072 -0.000319
vn 0.51054 0.858371 0.050472
vn 0.569914 0.725531 0.38575
vn -0.789047 0.613557 0.030878
vn -0.517254 0.854936 0.039133
vn -0.676571 0.639952 -0.364298
vn -0.517254 0.854936 0.039133
vn -0.362623 0.911069 0.196106
vn 0.001726 0.999869 0.01609
vn -0.517254 0.854936 0.039133
vn -0.3837 0.856843 -0.344376
vn -0.676571 0.639952 -0.364298
vn 0.354748 0.911133 0.209738
vn 0.003052 0.934884 0.354941
vn 0.569914 0.725531 0.38575
vn 0.354748 0.911133 0.209738
vn 0.51054 0.858371 0.050472
vn 0.001726 0.999869 0.01609
vn -0.362623 0.911069 0.196106
vn -0.517254 0.854936 0.039133
vn -0.576174 0.722391 0.382328
vn -0.362623 0.911069 0.196106
vn 0.003052 0.934884 0.354941
vn 0.001726 0.999869 0.01609
vn -0.3837 0.856843 -0.344376
vn 0.047439 0.844935 -0.532761
vn 0.042625 0.78311 -0.620421
vn 0.385792 0.898472 -0.209553
vn 0.047439 0.844935 -0.532761
vn 0.001726 0.999869 0.01609
vn 0.385792 0.898472 -0.209553
vn 0.51054 0.858371 0.050472
vn 0.613933 0.658086 -0.4359
vn -0.849419 -0.307739 0.4287
vn 0.0 -0.340446 0.940264
vn -0.751788 0.003204 0.659397
vn -0.849419 -0.307739 0.4287
vn -0.683192 -0.645412 0.341603
vn 0.0 -0.340446 0.940264
vn 0.849419 -0.307739 0.4287
vn 0.917691 -0.397295 -0.00064
vn 0.99999 0.004443 -0.00098
vn 0.849419 -0.307739 0.4287
vn 0.635393 -0.643909 0.426212
vn 0.917691 -0.397295 -0.00064
vn -0.891708 -0.305357 -0.334086
vn -0.917691 -0.397295 -0.00064
vn -0.99999 0.004443 -0.00098
vn -0.891708 -0.305357 -0.334086
vn -0.719274 -0.630824 -0.291043
vn -0.917691 -0.397295 -0.00064
vn -0.891708 -0.305357 -0.334086
vn -0.732775 -0.564634 -0.379776
vn -0.719274 -0.630824 -0.291043
vn 0.875334 -0.311126 -0.370123
vn 0.883942 -0.052623 -0.464627
vn 0.862605 0.065969 -0.501559
vn 0.917691 -0.397295 -0.00064
vn 0.7104 -0.658306 -0.248927
vn 0.875334 -0.311126 -0.370123
vn 0.917691 -0.397295 -0.00064
vn 0.715522 -0.69859 -0.0
vn 0.7104 -0.658306 -0.248927
vn -0.917691 -0.397295 -0.00064
vn -0.683192 -0.645412 0.341603
vn -0.849419 -0.307739 0.4287
vn -0.917691 -0.397295 -0.00064
vn -0.715522 -0.69859 0.0
vn -0.683192 -0.645412 0.341603
vn 0.0 -1.0 -0.000712
vn -0.377249 -0.882611 0.280502
vn -0.52738 -0.849629 0.0
vn 0.0 -1.0 -0.000712
vn 0.0 -0.959883 -0.280401
vn 0.360862 -0.911007 -0.199612
vn 0.0 -1.0 -0.000712
vn 0.068739 -0.890408 0.449944
vn -0.377249 -0.882611 0.280502
vn 0.0 -1.0 -0.000712
vn 0.52738 -0.849629 -0.0
vn 0.439319 -0.882637 0.167186
vn 0.200156 -0.462181 -0.863902
vn 0.792695 -0.400675 -0.459451
vn -0.0 -0.929221 -0.369524
vn 0.200156 -0.462181 -0.863902
vn -0.782958 -0.360965 -0.506637
vn -0.145357 0.050505 -0.988089
vn 0.200156 -0.462181 -0.863902
vn 0.803056 -0.025952 -0.595338
vn 0.792695 -0.400675 -0.459451
vn 0.0 -0.340446 0.940264
vn 0.635393 -0.643909 0.426212
vn 0.849419 -0.307739 0.4287
vn 0.0 -0.340446 0.940264
vn -0.071042 -0.745284 0.662951
vn 0.635393 -0.643909 0.426212
vn 0.7104 -0.658306 -0.248927
vn 0.360862 -0.911007 -0.199612
vn 0.0 -0.942238 -0.334945
vn 0.7104 -0.658306 -0.248927
vn 0.52738 -0.849629 -0.0
vn 0.360862 -0.911007 -0.199612
vn 0.7104 -0.658306 -0.248927
vn 0.715393 -0.60783 -0.344609
vn 0.875334 -0.311126 -0.370123
vn -0.719274 -0.630824 -0.291043
vn -0.715522 -0.69859 0.0
vn -0.917691 -0.397295 -0.00064
vn -0.719274 -0.630824 -0.291043
vn -0.409872 -0.896734 -0.16695
vn -0.715522 -0.69859 0.0
vn -0.719274 -0.630824 -0.291043
vn -0.732775 -0.564634 -0.379776
vn 0.0 -0.942238 -0.334945
vn -0.683192 -0.645412 0.341603
vn -0.071042 -0.745284 0.662951
vn 0.0 -0.340446 0.940264
vn -0.683192 -0.645412 0.341603
vn -0.377249 -0.882611 0.280502
vn -0.071042 -0.745284 0.662951
vn 0.635393 -0.643909 0.426212
vn 0.715522 -0.69859 -0.0
vn 0.917691 -0.397295 -0.00064
vn 0.635393 -0.643909 0.426212
vn 0.439319 -0.882637 0.167186
vn 0.715522 -0.69859 -0.0
vn 0.635393 -0.643909 0.426212
vn 0.068739 -0.890408 0.449944
vn 0.439319 -0.882637 0.167186
vn 0.0 -0.942238 -0.334945
vn -0.409872 -0.896734 -0.16695
vn -0.719274 -0.630824 -0.291043
vn 0.0 -0.942238 -0.334945
vn 0.0 -0.959883 -0.280401
vn -0.409872 -0.896734 -0.16695
vn 0.0 -0.942238 -0.334945
vn 0.715393 -0.60783 -0.344609
vn 0.7104 -0.658306 -0.248927
vn 0.0 -0.942238 -0.334945
vn -0.120406 -0.9922 -0.032269
vn 0.715393 -0.60783 -0.344609
vn -0.071042 -0.745284 0.662951
vn 0.068739 -0.890408 0.449944
vn 0.635393 -0.643909 0.426212
vn 0.715522 -0.69859 -0.0
vn 0.52738 -0.849629 -0.0
vn 0.7104 -0.658306 -0.248927
vn -0.715522 -0.69859 0.0
vn -0.52738 -0.849629 0.0
vn -0.683192 -0.645412 0.341603
vn -0.715522 -0.69859 0.0
vn -0.409872 -0.896734 -0.16695
vn -0.52738 -0.849629 0.0
vn -0.52738 -0.849629 0.0
vn -0.377249 -0.882611 0.280502
vn -0.683192 -0.645412 0.341603
vn -0.52738 -0.849629 0.0
vn -0.409872 -0.896734 -0.16695
vn 0.0 -1.0 -0.000712
vn 0.439319 -0.882637 0.167186
vn 0.068739 -0.890408 0.449944
vn 0.0 -1.0 -0.000712
vn 0.439319 -0.882637 0.167186
vn 0.52738 -0.849629 -0.0
vn 0.715522 -0.69859 -0.0
vn -0.377249 -0.882611 0.280502
vn 0.068739 -0.890408 0.449944
vn -0.071042 -0.745284 0.662951
vn -0.409872 -0.896734 -0.16695
vn 0.0 -0.959883 -0.280401
vn 0.0 -1.0 -0.000712
vn 0.360862 -0.911007 -0.199612
vn 0.0 -0.959883 -0.280401
vn 0.0 -0.942238 -0.334945
vn 0.360862 -0.911007 -0.199612
vn 0.52738 -0.849629 -0.0
vn 0.0 -1.0 -0.000712
vn 0.715393 -0.60783 -0.344609
vn 0.883942 -0.052623 -0.464627
vn 0.875334 -0.311126 -0.370123
vn 0.715393 -0.60783 -0.344609
vn 0.804249 -0.575842 -0.14693
vn 0.883942 -0.052623 -0.464627
vn -0.732775 -0.564634 -0.379776
vn -0.120406 -0.9922 -0.032269
vn 0.0 -0.942238 -0.334945
vn 0.883942 -0.052623 -0.464627
vn 0.64671 0.456476 -0.611062
vn 0.862605 0.065969 -0.501559
vn 0.883942 -0.052623 -0.464627
vn 0.793341 0.519212 -0.317852
vn 0.64671 0.456476 -0.611062
vn 0.883942 -0.052623 -0.464627
vn 0.954999 -0.074268 -0.287161
vn 0.793341 0.519212 -0.317852
vn 0.883942 -0.052623 -0.464627
vn 0.804249 -0.575842 -0.14693
vn 0.954999 -0.074268 -0.287161
vn -0.899511 -0.013677 -0.436685
vn -0.848162 -0.497671 -0.181508
vn -0.732775 -0.564634 -0.379776
vn -0.899511 -0.013677 -0.436685
vn -0.801195 0.493581 -0.338326
vn -0.950362 0.04017 -0.308543
vn 0.64671 0.456476 -0.611062
vn 0.793341 0.519212 -0.317852
vn 0.042625 0.78311 -0.620421
vn -0.65413 0.508117 -0.560296
vn -0.801195 0.493581 -0.338326
vn -0.899511 -0.013677 -0.436685
vn -0.65413 0.508117 -0.560296
vn -0.093976 0.923389 -0.372184
vn -0.801195 0.493581 -0.338326
vn 0.105785 0.992009 -0.068752
vn -0.093976 0.923389 -0.372184
vn 0.799524 0.600412 -0.016355
vn 0.105785 0.992009 -0.068752
vn -0.143081 0.989426 0.023735
vn -0.792648 0.604663 -0.078051
vn 0.163349 -0.986567 -0.001355
vn -0.120406 -0.9922 -0.032269
vn -0.75761 -0.644234 0.104827
vn 0.163349 -0.986567 -0.001355
vn 0.804249 -0.575842 -0.14693
vn -0.120406 -0.9922 -0.032269
vn 0.163349 -0.986567 -0.001355
vn -0.0 -0.995396 0.09585
vn 0.821208 -0.567068 0.063653
vn 0.821208 -0.567068 0.063653
vn 0.804249 -0.575842 -0.14693
vn 0.163349 -0.986567 -0.001355
vn 0.821208 -0.567068 0.063653
vn 0.798286 -0.589832 0.121808
vn 0.975448 0.068345 0.209358
vn -0.75761 -0.644234 0.104827
vn -0.848162 -0.497671 -0.181508
vn -0.972147 -0.032599 0.232094
vn -0.75761 -0.644234 0.104827
vn -0.120406 -0.9922 -0.032269
vn -0.848162 -0.497671 -0.181508
vn -0.75761 -0.644234 0.104827
vn -0.0 -0.995396 0.09585
vn 0.163349 -0.986567 -0.001355
vn 0.975448 0.068345 0.209358
vn 0.954999 -0.074268 -0.287161
vn 0.821208 -0.567068 0.063653
vn 0.975448 0.068345 0.209358
vn 0.746246 0.655369 0.116658
vn 0.799524 0.600412 -0.016355
vn 0.975448 0.068345 0.209358
vn 0.996289 0.00918 -0.085578
vn 0.746246 0.655369 0.116658
vn 0.975448 0.068345 0.209358
vn 0.798286 -0.589832 0.121808
vn 0.996289 0.00918 -0.085578
vn -0.972147 -0.032599 0.232094
vn -0.950362 0.04017 -0.308543
vn -0.792648 0.604663 -0.078051
vn -0.972147 -0.032599 0.232094
vn -0.848162 -0.497671 -0.181508
vn -0.950362 0.04017 -0.308543
vn -0.972147 -0.032599 0.232094
vn -0.794119 -0.594822 0.124746
vn -0.75761 -0.644234 0.104827
vn -0.972147 -0.032599 0.232094
vn -0.762519 0.634344 0.127166
vn -0.996424 0.00978 -0.083926
vn 0.799524 0.600412 -0.016355
vn 0.793341 0.519212 -0.317852
vn 0.975448 0.068345 0.209358
vn 0.799524 0.600412 -0.016355
vn -0.093976 0.923389 -0.372184
vn 0.793341 0.519212 -0.317852
vn 0.799524 0.600412 -0.016355
vn 0.746246 0.655369 0.116658
vn 0.105785 0.992009 -0.068752
vn -0.792648 0.604663 -0.078051
vn -0.093976 0.923389 -0.372184
vn 0.105785 0.992009 -0.068752
vn -0.792648 0.604663 -0.078051
vn -0.762519 0.634344 0.127166
vn -0.972147 -0.032599 0.232094
vn -0.792648 0.604663 -0.078051
vn -0.143081 0.989426 0.023735
vn -0.762519 0.634344 0.127166
vn -0.0 0.932234 -0.361857
vn 0.767058 0.384584 -0.513534
vn -0.0 0.547691 -0.83668
vn -0.0 0.932234 -0.361857
vn 0.746246 0.655369 0.116658
vn 0.767058 0.384584 -0.513534
vn -0.0 0.932234 -0.361857
vn -0.143081 0.989426 0.023735
vn 0.746246 0.655369 0.116658
vn -0.0 -0.929221 -0.369524
vn -0.782958 -0.360965 -0.506637
vn 0.200156 -0.462181 -0.863902
vn -0.0 -0.929221 -0.369524
vn -0.794119 -0.594822 0.124746
vn -0.782958 -0.360965 -0.506637
vn -0.0 -0.929221 -0.369524
vn -0.0 -0.995396 0.09585
vn -0.794119 -0.594822 0.124746
vn -0.0 -0.929221 -0.369524
vn 0.798286 -0.589832 0.121808
vn -0.0 -0.995396 0.09585
vn 0.792695 -0.400675 -0.459451
vn 0.798286 -0.589832 0.121808
vn -0.0 -0.929221 -0.369524
vn -0.782958 -0.360965 -0.506637
vn -0.818182 0.004274 -0.574943
vn -0.145357 0.050505 -0.988089
vn -0.782958 -0.360965 -0.506637
vn -0.996424 0.00978 -0.083926
vn -0.818182 0.004274 -0.574943
vn -0.782958 -0.360965 -0.506637
vn -0.794119 -0.594822 0.124746
vn -0.996424 0.00978 -0.083926
vn 0.803056 -0.025952 -0.595338
vn 0.996289 0.00918 -0.085578
vn 0.792695 -0.400675 -0.459451
vn -0.818182 0.004274 -0.574943
vn -0.765027 0.387363 -0.514474
vn -0.145357 0.050505 -0.988089
vn -0.818182 0.004274 -0.574943
vn -0.996424 0.00978 -0.083926
vn -0.765027 0.387363 -0.514474
vn 0.767058 0.384584 -0.513534
vn 0.996289 0.00918 -0.085578
vn 0.803056 -0.025952 -0.595338
vn -0.765027 0.387363 -0.514474
vn -0.762519 0.634344 0.127166
vn -0.0 0.932234 -0.361857
vn 0.793341 0.519212 -0.317852
vn 0.954999 -0.074268 -0.287161
vn 0.975448 0.068345 0.209358
vn 0.793341 0.519212 -0.317852
vn -0.093976 0.923389 -0.372184
vn 0.042625 0.78311 -0.620421
vn -0.950362 0.04017 -0.308543
vn -0.848162 -0.497671 -0.181508
vn -0.899511 -0.013677 -0.436685
vn -0.950362 0.04017 -0.308543
vn -0.801195 0.493581 -0.338326
vn -0.792648 0.604663 -0.078051
vn 0.954999 -0.074268 -0.287161
vn 0.804249 -0.575842 -0.14693
vn 0.821208 -0.567068 0.063653
vn -0.848162 -0.497671 -0.181508
vn -0.120406 -0.9922 -0.032269
vn -0.732775 -0.564634 -0.379776
vn -0.120406 -0.9922 -0.032269
vn 0.804249 -0.575842 -0.14693
vn 0.715393 -0.60783 -0.344609
vn -0.801195 0.493581 -0.338326
vn -0.093976 0.923389 -0.372184
vn -0.792648 0.604663 -0.078051
vn 0.746246 0.655369 0.116658
vn 0.996289 0.00918 -0.085578
vn 0.767058 0.384584 -0.513534
vn 0.746246 0.655369 0.116658
vn -0.143081 0.989426 0.023735
vn 0.105785 0.992009 -0.068752
vn -0.996424 0.00978 -0.083926
vn -0.794119 -0.594822 0.124746
vn -0.972147 -0.032599 0.232094
vn -0.996424 0.00978 -0.083926
vn -0.762519 0.634344 0.127166
vn -0.765027 0.387363 -0.514474
vn 0.996289 0.00918 -0.085578
vn 0.798286 -0.589832 0.121808
vn 0.792695 -0.400675 -0.459451
vn -0.794119 -0.594822 0.124746
vn -0.0 -0.995396 0.09585
vn -0.75761 -0.644234 0.104827
vn -0.0 -0.995396 0.09585
vn 0.798286 -0.589832 0.121808
vn 0.821208 -0.567068 0.063653
vn -0.762519 0.634344 0.127166
vn -0.143081 0.989426 0.023735
vn -0.0 0.932234 -0.361857
vn -0.407617 -0.203741 0.890134
vn -0.960312 -0.192205 -0.202134
vn 0.22083 -0.968805 0.112478
vn -0.407617 -0.203741 0.890134
vn -0.415308 0.846039 0.334272
vn -0.960312 -0.192205 -0.202134
vn 0.22083 -0.968805 0.112478
vn 0.815568 0.114631 0.567194
vn -0.407617 -0.203741 0.890134
vn 0.22083 -0.968805 0.112478
vn 0.956496 0.020129 0.29105
vn 0.815568 0.114631 0.567194
vn -0.960312 -0.192205 -0.202134
vn 0.046445 -0.993783 -0.101184
vn 0.22083 -0.968805 0.112478
vn -0.960312 -0.192205 -0.202134
vn -0.961861 -0.022929 -0.272575
vn 0.046445 -0.993783 -0.101184
vn 0.815568 0.114631 0.567194
vn -0.415308 0.846039 0.334272
vn -0.407617 -0.203741 0.890134
vn 0.815568 0.114631 0.567194
vn -0.052121 0.991643 0.118017
vn -0.415308 0.846039 0.334272
vn 0.815568 0.114631 0.567194
vn 0.956496 0.020129 0.29105
vn -0.052121 0.991643 0.118017
vn -0.415308 0.846039 0.334272
vn -0.961861 -0.022929 -0.272575
vn -0.960312 -0.192205 -0.202134
vn -0.415308 0.846039 0.334272
vn -0.052121 0.991643 0.118017
vn -0.961861 -0.022929 -0.272575
vn 0.046445 -0.993783 -0.101184
vn 0.956496 0.020129 0.29105
vn 0.22083 -0.968805 0.112478
vn 0.046445 -0.993783 -0.101184
vn 0.975571 0.000764 0.219683
vn 0.956496 0.020129 0.29105
vn -0.961861 -0.022929 -0.272575
vn -0.071526 -0.960861 0.267639
vn 0.046445 -0.993783 -0.101184
vn -0.961861 -0.022929 -0.272575
vn -0.976755 0.001213 -0.214357
vn -0.071526 -0.960861 0.267639
vn -0.052121 0.991643 0.118017
vn -0.976755 0.001213 -0.214357
vn -0.961861 -0.022929 -0.272575
vn -0.052121 0.991643 0.118017
vn 0.067694 0.964775 -0.254219
vn -0.976755 0.001213 -0.214357
vn 0.956496 0.020129 0.29105
vn 0.067694 0.964775 -0.254219
vn -0.052121 0.991643 0.118017
vn 0.956496 0.020129 0.29105
vn 0.975571 0.000764 0.219683
vn 0.067694 0.964775 -0.254219
vn -0.071526 -0.960861 0.267639
vn 0.975571 0.000764 0.219683
vn 0.046445 -0.993783 -0.101184
vn -0.071526 -0.960861 0.267639
vn 0.942413 -0.187341 0.277058
vn 0.975571 0.000764 0.219683
vn -0.976755 0.001213 -0.214357
vn -0.360448 -0.82975 0.426137
vn -0.071526 -0.960861 0.267639
vn -0.976755 0.001213 -0.214357
vn -0.870933 0.067329 -0.486767
vn -0.360448 -0.82975 0.426137
vn 0.067694 0.964775 -0.254219
vn -0.870933 0.067329 -0.486767
vn -0.976755 0.001213 -0.214357
vn 0.067694 0.964775 -0.254219
vn 0.414349 0.659164 -0.627549
vn -0.870933 0.067329 -0.486767
vn 0.975571 0.000764 0.219683
vn 0.414349 0.659164 -0.627549
vn 0.067694 0.964775 -0.254219
vn 0.975571 0.000764 0.219683
vn 0.942413 -0.187341 0.277058
vn 0.414349 0.659164 -0.627549
vn -0.360448 -0.82975 0.426137
vn 0.942413 -0.187341 0.277058
vn -0.071526 -0.960861 0.267639
vn -0.360448 -0.82975 0.426137
vn 0.270036 -0.469631 -0.840552
vn 0.942413 -0.187341 0.277058
vn -0.870933 0.067329 -0.486767
vn 0.270036 -0.469631 -0.840552
vn -0.360448 -0.82975 0.426137
vn 0.414349 0.659164 -0.627549
vn 0.270036 -0.469631 -0.840552
vn -0.870933 0.067329 -0.486767
vn 0.942413 -0.187341 0.277058
vn 0.270036 -0.469631 -0.840552
vn 0.414349 0.659164 -0.627549
vn 0.17701 -0.203736 0.962891
vn -0.90244 -0.192202 0.385566
vn 0.245393 -0.968805 -0.034615
vn 0.17701 -0.203736 0.962891
vn -0.148281 0.846039 0.512084
vn -0.90244 -0.192202 0.385566
vn 0.245393 -0.968805 -0.034615
vn 0.993402 0.114631 -0.003537
vn 0.17701 -0.203736 0.962891
vn 0.245393 -0.968805 -0.034615
vn 0.95034 0.020127 -0.310561
vn 0.993402 0.114631 -0.003537
vn -0.90244 -0.192202 0.385566
vn -0.020033 -0.993783 -0.109518
vn 0.245393 -0.968805 -0.034615
vn -0.90244 -0.192202 0.385566
vn -0.944132 -0.022927 0.328769
vn -0.020033 -0.993783 -0.109518
vn 0.993402 0.114631 -0.003537
vn -0.148281 0.846039 0.512084
vn 0.17701 -0.203736 0.962891
vn 0.993402 0.114631 -0.003537
vn 0.025044 0.991643 0.126561
vn -0.148281 0.846039 0.512084
vn 0.993402 0.114631 -0.003537
vn 0.95034 0.020127 -0.310561
vn 0.025044 0.991643 0.126561
vn -0.148281 0.846039 0.512084
vn -0.944132 -0.022927 0.328769
vn -0.90244 -0.192202 0.385566
vn -0.148281 0.846039 0.512084
vn 0.025044 0.991643 0.126561
vn -0.944132 -0.022927 0.328769
vn -0.020033 -0.993783 -0.109518
vn 0.95034 0.020127 -0.310561
vn 0.245393 -0.968805 -0.034615
vn -0.020033 -0.993783 -0.109518
vn 0.925006 0.000763 -0.379952
vn 0.95034 0.020127 -0.310561
vn -0.944132 -0.022927 0.328769
vn 0.095016 -0.960861 0.260228
vn -0.020033 -0.993783 -0.109518
vn -0.944132 -0.022927 0.328769
vn -0.922919 0.001211 0.384993
vn 0.095016 -0.960861 0.260228
vn 0.025044 0.991643 0.126561
vn -0.922919 0.001211 0.384993
vn -0.944132 -0.022927 0.328769
vn 0.025044 0.991643 0.126561
vn -0.090453 0.964774 -0.24704
vn -0.922919 0.001211 0.384993
vn 0.95034 0.020127 -0.310561
vn -0.090453 0.964774 -0.24704
vn 0.025044 0.991643 0.126561
vn 0.95034 0.020127 -0.310561
vn 0.925006 0.000763 -0.379952
vn -0.090453 0.964774 -0.24704
vn 0.095016 -0.960861 0.260228
vn 0.925006 0.000763 -0.379952
vn -0.020033 -0.993783 -0.109518
vn 0.095016 -0.960861 0.260228
vn 0.930778 -0.187341 -0.313935
vn 0.925006 0.000763 -0.379952
vn -0.922919 0.001211 0.384993
vn -0.050635 -0.829751 0.555832
vn 0.095016 -0.960861 0.260228
vn -0.922919 0.001211 0.384993
vn -0.992588 0.067328 0.101174
vn -0.050635 -0.829751 0.555832
vn -0.090453 0.964774 -0.24704
vn -0.992588 0.067328 0.101174
vn -0.922919 0.001211 0.384993
vn -0.090453 0.964774 -0.24704
vn -0.020806 0.659164 -0.751712
vn -0.992588 0.067328 0.101174
vn 0.925006 0.000763 -0.379952
vn -0.020806 0.659164 -0.751712
vn -0.090453 0.964774 -0.24704
vn 0.925006 0.000763 -0.379952
vn 0.930778 -0.187341 -0.313935
vn -0.020806 0.659164 -0.751712
vn -0.050635 -0.829751 0.555832
vn 0.930778 -0.187341 -0.313935
vn 0.095016 -0.960861 0.260228
vn -0.050635 -0.829751 0.555832
vn -0.261226 -0.469633 -0.84333
vn 0.930778 -0.187341 -0.313935
vn -0.992588 0.067328 0.101174
vn -0.261226 -0.469633 -0.84333
vn -0.050635 -0.829751 0.555832
vn -0.020806 0.659164 -0.751712
vn -0.261226 -0.469633 -0.84333
vn -0.992588 0.067328 0.101174
vn 0.930778 -0.187341 -0.313935
vn -0.261226 -0.469633 -0.84333
vn -0.020806 0.659164 -0.751712

# SLegs0, 264 grouped triangles

usemtl Origins_01
o SLegs0
g SLegs0

f 1/1/1 6/2/2 3/3/3
f 1/4/4 20/5/5 2/6/6
f 2/7/7 4/8/8 1/9/9
f 2/10/10 5/11/11 4/12/12
f 2/13/13 19/14/14 5/15/15
f 2/16/16 20/17/17 19/18/18
f 3/19/19 20/20/20 1/21/21
f 4/22/22 6/23/23 1/24/24
f 4/25/25 22/26/26 6/27/27
f 4/28/28 24/29/29 22/30/30
f 5/31/31 24/32/32 4/33/33
f 6/34/34 19/35/35 3/36/36
f 6/37/37 22/38/38 19/39/39
f 7/40/40 13/41/41 9/42/42
f 7/43/43 15/44/44 13/45/45
f 7/46/46 23/47/47 8/48/48
f 7/49/49 24/50/50 23/51/51
f 8/52/52 15/53/53 7/54/54
f 8/55/55 16/56/56 14/57/57
f 8/58/58 18/59/59 16/60/60
f 8/61/61 21/62/62 18/63/63
f 8/64/64 23/65/65 21/66/66
f 9/67/67 24/68/68 7/69/69
f 10/70/70 14/71/71 11/72/72
f 10/73/73 15/74/74 14/75/75
f 10/76/76 17/77/77 12/78/78
f 11/79/79 17/80/80 10/81/81
f 12/82/82 15/83/83 10/84/84
f 12/85/85 17/86/86 13/87/87
f 13/88/88 15/89/89 12/90/90
f 13/91/91 16/92/92 9/93/93
f 13/94/94 17/95/95 16/96/96
f 14/97/97 15/98/98 8/99/99
f 14/100/100 17/101/101 11/102/102
f 16/103/103 17/104/104 14/105/105
f 16/106/106 18/107/107 9/108/108
f 18/109/109 22/110/110 9/111/111
f 19/112/112 20/113/113 3/114/114
f 19/115/115 22/116/116 21/117/117
f 19/118/118 23/119/119 5/120/120
f 21/121/121 22/122/122 18/123/123
f 21/124/124 23/125/125 19/126/126
f 22/127/127 24/128/128 9/129/129
f 23/130/130 24/131/131 5/132/132
f 25/133/133 30/134/134 27/135/135
f 25/136/136 44/137/137 26/138/138
f 26/139/139 28/140/140 25/141/141
f 26/142/142 29/143/143 28/144/144
f 26/145/145 43/146/146 29/147/147
f 26/148/148 44/149/149 43/150/150
f 27/151/151 44/152/152 25/153/153
f 28/154/154 30/155/155 25/156/156
f 28/157/157 46/158/158 30/159/159
f 28/160/160 48/161/161 46/162/162
f 29/163/163 48/164/164 28/165/165
f 30/166/166 43/167/167 27/168/168
f 30/169/169 46/170/170 43/171/171
f 31/172/172 37/173/173 33/174/174
f 31/175/175 39/176/176 37/177/177
f 31/178/178 47/179/179 32/180/180
f 31/181/181 48/182/182 47/183/183
f 32/184/184 39/185/185 31/186/186
f 32/187/187 40/188/188 38/189/189
f 32/190/190 42/191/191 40/192/192
f 32/193/193 45/194/194 42/195/195
f 32/196/196 47/197/197 45/198/198
f 33/199/199 48/200/200 31/201/201
f 34/202/202 38/203/203 35/204/204
f 34/205/205 39/206/206 38/207/207
f 34/208/208 41/209/209 36/210/210
f 35/211/211 41/212/212 34/213/213
f 36/214/214 39/215/215 34/216/216
f 36/217/217 41/218/218 37/219/219
f 37/220/220 39/221/221 36/222/222
f 37/223/223 40/224/224 33/225/225
f 37/226/226 41/227/227 40/228/228
f 38/229/229 39/230/230 32/231/231
f 38/232/232 41/233/233 35/234/234
f 40/235/235 41/236/236 38/237/237
f 40/238/238 42/239/239 33/240/240
f 42/241/241 46/242/242 33/243/243
f 43/244/244 44/245/245 27/246/246
f 43/247/247 46/248/248 45/249/249
f 43/250/250 47/251/251 29/252/252
f 45/253/253 46/254/254 42/255/255
f 45/256/256 47/257/257 43/258/258
f 46/259/259 48/260/260 33/261/261
f 47/262/262 48/263/263 29/264/264
f 49/265/265 54/266/266 51/267/267
f 49/268/268 68/269/269 50/270/270
f 50/271/271 52/272/272 49/273/273
f 50/274/274 53/275/275 52/276/276
f 50/277/277 67/278/278 53/279/279
f 50/280/280 68/281/281 67/282/282
f 51/283/283 68/284/284 49/285/285
f 52/286/286 54/287/287 49/288/288
f 52/289/289 70/290/290 54/291/291
f 52/292/292 72/293/293 70/294/294
f 53/295/295 72/296/296 52/297/297
f 54/298/298 67/299/299 51/300/300
f 54/301/301 70/302/302 67/303/303
f 55/304/304 61/305/305 57/306/306
f 55/307/307 63/308/308 61/309/309
f 55/310/310 71/311/311 56/312/312
f 55/313/313 72/314/314 71/315/315
f 56/316/316 63/317/317 55/318/318
f 56/319/319 64/320/320 62/321/321
f 56/322/322 66/323/323 64/324/324
f 56/325/325 69/326/326 66/327/327
f 56/328/328 71/329/329 69/330/330
f 57/331/331 72/332/332 55/333/333
f 58/334/334 62/335/335 59/336/336
f 58/337/337 63/338/338 62/339/339
f 58/340/340 65/341/341 60/342/342
f 59/343/343 65/344/344 58/345/345
f 60/346/346 63/347/347 58/348/348
f 60/349/349 65/350/350 61/351/351
f 61/352/352 63/353/353 60/354/354
f 61/355/355 64/356/356 57/357/357
f 61/358/358 65/359/359 64/360/360
f 62/361/361 63/362/362 56/363/363
f 62/364/364 65/365/365 59/366/366
f 64/367/367 65/368/368 62/369/369
f 64/370/370 66/371/371 57/372/372
f 66/373/373 70/374/374 57/375/375
f 67/376/376 68/377/377 51/378/378
f 67/379/379 70/380/380 69/381/381
f 67/382/382 71/383/383 53/384/384
f 69/385/385 70/386/386 66/387/387
f 69/388/388 71/389/389 67/390/390
f 70/391/391 72/392/392 57/393/393
f 71/394/394 72/395/395 53/396/396
f 73/397/397 76/398/398 74/399/399
f 73/400/400 78/401/401 76/402/402
f 73/403/403 92/404/404 75/405/405
f 74/406/406 92/407/407 73/408/408
f 75/409/409 78/410/410 73/411/411
f 75/412/412 91/413/413 78/414/414
f 75/415/415 92/416/416 91/417/417
f 76/418/418 77/419/419 74/420/420
f 76/421/421 96/422/422 77/423/423
f 77/424/424 91/425/425 74/426/426
f 77/427/427 95/428/428 91/429/429
f 77/430/430 96/431/431 95/432/432
f 78/433/433 94/434/434 76/435/435
f 79/436/436 87/437/437 80/438/438
f 79/439/439 96/440/440 81/441/441
f 80/442/442 87/443/443 86/444/444
f 80/445/445 95/446/446 79/447/447
f 81/448/448 85/449/449 79/450/450
f 81/451/451 88/452/452 85/453/453
f 81/454/454 90/455/455 88/456/456
f 81/457/457 94/458/458 90/459/459
f 81/460/460 96/461/461 94/462/462
f 82/463/463 87/464/464 84/465/465
f 82/466/466 89/467/467 83/468/468
f 83/469/469 86/470/470 82/471/471
f 83/472/472 89/473/473 86/474/474
f 84/475/475 87/476/476 85/477/477
f 84/478/478 89/479/479 82/480/480
f 85/481/481 87/482/482 79/483/483
f 85/484/484 89/485/485 84/486/486
f 86/487/487 87/488/488 82/489/489
f 86/490/490 88/491/491 80/492/492
f 86/493/493 89/494/494 88/495/495
f 88/496/496 89/497/497 85/498/498
f 88/499/499 90/500/500 80/501/501
f 90/502/502 93/503/503 80/504/504
f 90/505/505 94/506/506 93/507/507
f 91/508/508 92/509/509 74/510/510
f 91/511/511 94/512/512 78/513/513
f 91/514/514 95/515/515 93/516/516
f 93/517/517 94/518/518 91/519/519
f 93/520/520 95/521/521 80/522/522
f 94/523/523 96/524/524 76/525/525
f 95/526/526 96/527/527 79/528/528
f 97/529/529 100/530/530 98/531/531
f 97/532/532 102/533/533 100/534/534
f 97/535/535 116/536/536 99/537/537
f 98/538/538 116/539/539 97/540/540
f 99/541/541 102/542/542 97/543/543
f 99/544/544 115/545/545 102/546/546
f 99/547/547 116/548/548 115/549/549
f 100/550/550 101/551/551 98/552/552
f 100/553/553 120/554/554 101/555/555
f 101/556/556 115/557/557 98/558/558
f 101/559/559 119/560/560 115/561/561
f 101/562/562 120/563/563 119/564/564
f 102/565/565 118/566/566 100/567/567
f 103/568/568 111/569/569 104/570/570
f 103/571/571 120/572/572 105/573/573
f 104/574/574 111/575/575 110/576/576
f 104/577/577 119/578/578 103/579/579
f 105/580/580 109/581/581 103/582/582
f 105/583/583 112/584/584 109/585/585
f 105/586/586 114/587/587 112/588/588
f 105/589/589 118/590/590 114/591/591
f 105/592/592 120/593/593 118/594/594
f 106/595/595 111/596/596 108/597/597
f 106/598/598 113/599/599 107/600/600
f 107/601/601 110/602/602 106/603/603
f 107/604/604 113/605/605 110/606/606
f 108/607/607 111/608/608 109/609/609
f 108/610/610 113/611/611 106/612/612
f 109/613/613 111/614/614 103/615/615
f 109/616/616 113/617/617 108/618/618
f 110/619/619 111/620/620 106/621/621
f 110/622/622 112/623/623 104/624/624
f 110/625/625 113/626/626 112/627/627
f 112/628/628 113/629/629 109/630/630
f 112/631/631 114/632/632 104/633/633
f 114/634/634 117/635/635 104/636/636
f 114/637/637 118/638/638 117/639/639
f 115/640/640 116/641/641 98/642/642
f 115/643/643 118/644/644 102/645/645
f 115/646/646 119/647/647 117/648/648
f 117/649/649 118/650/650 115/651/651
f 117/652/652 119/653/653 104/654/654
f 118/655/655 120/656/656 100/657/657
f 119/658/658 120/659/659 103/660/660
f 121/661/661 124/662/662 122/663/663
f 121/664/664 126/665/665 124/666/666
f 121/667/667 140/668/668 123/669/669
f 122/670/670 140/671/671 121/672/672
f 123/673/673 126/674/674 121/675/675
f 123/676/676 139/677/677 126/678/678
f 123/679/679 140/680/680 139/681/681
f 124/682/682 125/683/683 122/684/684
f 124/685/685 144/686/686 125/687/687
f 125/688/688 139/689/689 122/690/690
f 125/691/691 143/692/692 139/693/693
f 125/694/694 144/695/695 143/696/696
f 126/697/697 142/698/698 124/699/699
f 127/700/700 135/701/701 128/702/702
f 127/703/703 144/704/704 129/705/705
f 128/706/706 135/707/707 134/708/708
f 128/709/709 143/710/710 127/711/711
f 129/712/712 133/713/713 127/714/714
f 129/715/715 136/716/716 133/717/717
f 129/718/718 138/719/719 136/720/720
f 129/721/721 142/722/722 138/723/723
f 129/724/724 144/725/725 142/726/726
f 130/727/727 135/728/728 132/729/729
f 130/730/730 137/731/731 131/732/732
f 131/733/733 134/734/734 130/735/735
f 131/736/736 137/737/737 134/738/738
f 132/739/739 135/740/740 133/741/741
f 132/742/742 137/743/743 130/744/744
f 133/745/745 135/746/746 127/747/747
f 133/748/748 137/749/749 132/750/750
f 134/751/751 135/752/752 130/753/753
f 134/754/754 136/755/755 128/756/756
f 134/757/757 137/758/758 136/759/759
f 136/760/760 137/761/761 133/762/762
f 136/763/763 138/764/764 128/765/765
f 138/766/766 141/767/767 128/768/768
f 138/769/769 142/770/770 141/771/771
f 139/772/772 140/773/773 122/774/774
f 139/775/775 142/776/776 126/777/777
f 139/778/778 143/779/779 141/780/780
f 141/781/781 142/782/782 139/783/783
f 141/784/784 143/785/785 128/786/786
f 142/787/787 144/788/788 124/789/789
f 143/790/790 144/791/791 127/792/792
# SBody0, 188 grouped triangles

usemtl Origins_01
o SBody0
g SBody0

f 181/793/793 197/794/794 189/795/795
f 181/796/796 205/797/797 186/798/798
f 182/799/799 193/800/800 185/801/801
f 182/802/802 196/803/803 193/804/804
f 182/805/805 201/806/806 189/807/807
f 182/808/808 204/809/809 201/810/810
f 183/811/811 192/812/812 186/813/813
f 183/814/814 195/815/815 192/816/816
f 183/817/817 244/818/818 195/819/819
f 184/820/820 204/821/821 185/822/822
f 184/823/823 243/824/824 198/825/825
f 185/826/826 193/827/827 184/828/828
f 185/829/829 204/830/830 182/831/831
f 186/832/832 192/833/833 181/834/834
f 186/835/835 199/836/836 183/837/837
f 186/838/838 205/839/839 199/840/840
f 187/841/841 209/842/842 206/843/843
f 187/844/844 211/845/845 209/846/846
f 187/847/847 212/848/848 207/849/849
f 187/850/850 213/851/851 210/852/852
f 188/853/853 259/854/854 190/855/855
f 188/856/856 260/857/857 253/858/858
f 189/859/859 196/860/860 182/861/861
f 189/862/862 197/863/863 191/864/864
f 189/865/865 200/866/866 181/867/867
f 189/868/868 203/869/869 200/870/870
f 190/871/871 257/872/872 221/873/873
f 190/874/874 259/875/875 257/876/876
f 190/877/877 260/878/878 188/879/879
f 191/880/880 196/881/881 189/882/882
f 191/883/883 222/884/884 196/885/885
f 192/886/886 197/887/887 181/888/888
f 192/889/889 214/890/890 197/891/891
f 192/892/892 219/893/893 214/894/894
f 193/895/895 194/896/896 184/897/897
f 193/898/898 217/899/899 194/900/900
f 193/901/901 218/902/902 217/903/903
f 194/904/904 243/905/905 184/906/906
f 195/907/907 216/908/908 192/909/909
f 195/910/910 240/911/911 216/912/912
f 195/913/913 242/914/914 240/915/915
f 195/916/916 244/917/917 242/918/918
f 196/919/919 215/920/920 193/921/921
f 196/922/922 222/923/923 215/924/924
f 197/925/925 222/926/926 191/927/927
f 198/928/928 204/929/929 184/930/930
f 198/931/931 211/932/932 210/933/933
f 198/934/934 213/935/935 204/936/936
f 198/937/937 243/938/938 202/939/939
f 199/940/940 209/941/941 202/942/942
f 199/943/943 244/944/944 183/945/945
f 200/946/946 205/947/947 181/948/948
f 200/949/949 206/950/950 205/951/951
f 200/952/952 212/953/953 208/954/954
f 201/955/955 203/956/956 189/957/957
f 201/958/958 212/959/959 203/960/960
f 201/961/961 213/962/962 207/963/963
f 202/964/964 211/965/965 198/966/966
f 202/967/967 244/968/968 199/969/969
f 202/970/970 268/971/971 244/972/972
f 203/973/973 212/974/974 200/975/975
f 204/976/976 213/977/977 201/978/978
f 205/979/979 206/980/980 199/981/981
f 206/982/982 208/983/983 187/984/984
f 206/985/985 209/986/986 199/987/987
f 207/988/988 212/989/989 201/990/990
f 207/991/991 213/992/992 187/993/993
f 208/994/994 206/995/995 200/996/996
f 208/997/997 212/998/998 187/999/999
f 209/1000/1000 211/1001/1001 202/1002/1002
f 210/1003/1003 211/1004/1004 187/1005/1005
f 210/1006/1006 213/1007/1007 198/1008/1008
f 214/1009/1009 222/1010/1010 197/1011/1011
f 214/1012/1012 225/1013/1013 222/1014/1014
f 215/1015/1015 218/1016/1016 193/1017/1017
f 215/1018/1018 226/1019/1019 218/1020/1020
f 216/1021/1021 219/1022/1022 192/1023/1023
f 216/1024/1024 224/1025/1025 219/1026/1026
f 216/1027/1027 240/1028/1028 224/1029/1029
f 217/1030/1030 241/1031/1031 194/1032/1032
f 218/1033/1033 223/1034/1034 217/1035/1035
f 218/1036/1036 229/1037/1037 223/1038/1038
f 219/1039/1039 225/1040/1040 214/1041/1041
f 219/1042/1042 230/1043/1043 225/1044/1044
f 220/1045/1045 233/1046/1046 231/1047/1047
f 220/1048/1048 236/1049/1049 235/1050/1050
f 220/1051/1051 237/1052/1052 233/1053/1053
f 220/1054/1054 238/1055/1055 232/1056/1056
f 221/1057/1057 255/1058/1058 254/1059/1059
f 221/1060/1060 256/1061/1061 190/1062/1062
f 221/1063/1063 257/1064/1064 255/1065/1065
f 222/1066/1066 226/1067/1067 215/1068/1068
f 222/1069/1069 228/1070/1070 226/1071/1071
f 223/1072/1072 235/1073/1073 227/1074/1074
f 223/1075/1075 238/1076/1076 235/1077/1077
f 223/1078/1078 239/1079/1079 217/1080/1080
f 224/1081/1081 230/1082/1082 219/1083/1083
f 224/1084/1084 234/1085/1085 230/1086/1086
f 224/1087/1087 240/1088/1088 227/1089/1089
f 225/1090/1090 228/1091/1091 222/1092/1092
f 225/1093/1093 233/1094/1094 228/1095/1095
f 226/1096/1096 229/1097/1097 218/1098/1098
f 226/1099/1099 232/1100/1100 229/1101/1101
f 226/1102/1102 237/1103/1103 232/1104/1104
f 227/1105/1105 234/1106/1106 224/1107/1107
f 227/1108/1108 236/1109/1109 234/1110/1110
f 227/1111/1111 239/1112/1112 223/1113/1113
f 227/1114/1114 265/1115/1115 239/1116/1116
f 228/1117/1117 237/1118/1118 226/1119/1119
f 229/1120/1120 238/1121/1121 223/1122/1122
f 230/1123/1123 231/1124/1124 225/1125/1125
f 230/1126/1126 234/1127/1127 231/1128/1128
f 231/1129/1129 233/1130/1130 225/1131/1131
f 231/1132/1132 234/1133/1133 220/1134/1134
f 232/1135/1135 237/1136/1136 220/1137/1137
f 232/1138/1138 238/1139/1139 229/1140/1140
f 233/1141/1141 237/1142/1142 228/1143/1143
f 234/1144/1144 236/1145/1145 220/1146/1146
f 235/1147/1147 236/1148/1148 227/1149/1149
f 235/1150/1150 238/1151/1151 220/1152/1152
f 239/1153/1153 241/1154/1154 217/1155/1155
f 239/1156/1156 267/1157/1157 241/1158/1158
f 240/1159/1159 265/1160/1160 227/1161/1161
f 241/1162/1162 243/1163/1163 194/1164/1164
f 241/1165/1165 261/1166/1166 243/1167/1167
f 241/1168/1168 263/1169/1169 261/1170/1170
f 241/1171/1171 267/1172/1172 263/1173/1173
f 242/1174/1174 264/1175/1175 240/1176/1176
f 242/1177/1177 266/1178/1178 262/1179/1179
f 243/1180/1180 261/1181/1181 202/1182/1182
f 244/1183/1183 266/1184/1184 242/1185/1185
f 244/1186/1186 268/1187/1187 266/1188/1188
f 245/1189/1189 268/1190/1190 251/1191/1191
f 245/1192/1192 276/1193/1193 252/1194/1194
f 246/1195/1195 265/1196/1196 248/1197/1197
f 246/1198/1198 267/1199/1199 265/1200/1200
f 246/1201/1201 273/1202/1202 247/1203/1203
f 247/1204/1204 267/1205/1205 246/1206/1206
f 247/1207/1207 275/1208/1208 249/1209/1209
f 248/1210/1210 264/1211/1211 250/1212/1212
f 248/1213/1213 265/1214/1214 264/1215/1215
f 248/1216/1216 273/1217/1217 246/1218/1218
f 249/1219/1219 263/1220/1220 247/1221/1221
f 249/1222/1222 269/1223/1223 251/1224/1224
f 249/1225/1225 271/1226/1226 269/1227/1227
f 249/1228/1228 275/1229/1229 271/1230/1230
f 250/1231/1231 262/1232/1232 252/1233/1233
f 250/1234/1234 264/1235/1235 262/1236/1236
f 250/1237/1237 272/1238/1238 248/1239/1239
f 250/1240/1240 274/1241/1241 270/1242/1242
f 251/1243/1243 261/1244/1244 249/1245/1245
f 251/1246/1246 268/1247/1247 261/1248/1248
f 251/1249/1249 269/1250/1250 245/1251/1251
f 252/1252/1252 268/1253/1253 245/1254/1254
f 252/1255/1255 274/1256/1256 250/1257/1257
f 252/1258/1258 276/1259/1259 274/1260/1260
f 253/1261/1261 259/1262/1262 188/1263/1263
f 253/1264/1264 269/1265/1265 259/1266/1266
f 253/1267/1267 276/1268/1268 269/1269/1269
f 254/1270/1270 256/1271/1271 221/1272/1272
f 254/1273/1273 272/1274/1274 256/1275/1275
f 254/1276/1276 273/1277/1277 272/1278/1278
f 254/1279/1279 275/1280/1280 273/1281/1281
f 255/1282/1282 275/1283/1283 254/1284/1284
f 256/1285/1285 258/1286/1286 190/1287/1287
f 256/1288/1288 270/1289/1289 258/1290/1290
f 256/1291/1291 272/1292/1292 270/1293/1293
f 257/1294/1294 271/1295/1295 255/1296/1296
f 258/1297/1297 260/1298/1298 190/1299/1299
f 258/1300/1300 270/1301/1301 260/1302/1302
f 259/1303/1303 271/1304/1304 257/1305/1305
f 260/1306/1306 274/1307/1307 253/1308/1308
f 261/1309/1309 263/1310/1310 249/1311/1311
f 261/1312/1312 268/1313/1313 202/1314/1314
f 262/1315/1315 264/1316/1316 242/1317/1317
f 262/1318/1318 266/1319/1319 252/1320/1320
f 263/1321/1321 267/1322/1322 247/1323/1323
f 264/1324/1324 265/1325/1325 240/1326/1326
f 265/1327/1327 267/1328/1328 239/1329/1329
f 266/1330/1330 268/1331/1331 252/1332/1332
f 269/1333/1333 271/1334/1334 259/1335/1335
f 269/1336/1336 276/1337/1337 245/1338/1338
f 270/1339/1339 272/1340/1340 250/1341/1341
f 270/1342/1342 274/1343/1343 260/1344/1344
f 271/1345/1345 275/1346/1346 255/1347/1347
f 272/1348/1348 273/1349/1349 248/1350/1350
f 273/1351/1351 275/1352/1352 247/1353/1353
f 274/1354/1354 276/1355/1355 253/1356/1356
# SFangs0, 64 grouped triangles

usemtl Origins_01
o SFangs0
g SFangs0

f 145/1357/1357 147/1358/1358 146/1359/1359
f 145/1360/1360 149/1361/1361 147/1362/1362
f 146/1363/1363 148/1364/1364 145/1365/1365
f 146/1366/1366 153/1367/1367 148/1368/1368
f 147/1369/1369 150/1370/1370 146/1371/1371
f 147/1372/1372 151/1373/1373 150/1374/1374
f 148/1375/1375 149/1376/1376 145/1377/1377
f 148/1378/1378 152/1379/1379 149/1380/1380
f 148/1381/1381 153/1382/1382 152/1383/1383
f 149/1384/1384 151/1385/1385 147/1386/1386
f 149/1387/1387 152/1388/1388 151/1389/1389
f 150/1390/1390 153/1391/1391 146/1392/1392
f 150/1393/1393 157/1394/1394 153/1395/1395
f 151/1396/1396 154/1397/1397 150/1398/1398
f 151/1399/1399 155/1400/1400 154/1401/1401
f 152/1402/1402 155/1403/1403 151/1404/1404
f 152/1405/1405 156/1406/1406 155/1407/1407
f 153/1408/1408 156/1409/1409 152/1410/1410
f 153/1411/1411 157/1412/1412 156/1413/1413
f 154/1414/1414 157/1415/1415 150/1416/1416
f 154/1417/1417 161/1418/1418 157/1419/1419
f 155/1420/1420 158/1421/1421 154/1422/1422
f 155/1423/1423 159/1424/1424 158/1425/1425
f 156/1426/1426 159/1427/1427 155/1428/1428
f 156/1429/1429 160/1430/1430 159/1431/1431
f 157/1432/1432 160/1433/1433 156/1434/1434
f 157/1435/1435 161/1436/1436 160/1437/1437
f 158/1438/1438 161/1439/1439 154/1440/1440
f 158/1441/1441 162/1442/1442 161/1443/1443
f 159/1444/1444 162/1445/1445 158/1446/1446
f 160/1447/1447 162/1448/1448 159/1449/1449
f 161/1450/1450 162/1451/1451 160/1452/1452
f 163/1453/1453 165/1454/1454 164/1455/1455
f 163/1456/1456 167/1457/1457 165/1458/1458
f 164/1459/1459 166/1460/1460 163/1461/1461
f 164/1462/1462 171/1463/1463 166/1464/1464
f 165/1465/1465 168/1466/1466 164/1467/1467
f 165/1468/1468 169/1469/1469 168/1470/1470
f 166/1471/1471 167/1472/1472 163/1473/1473
f 166/1474/1474 170/1475/1475 167/1476/1476
f 166/1477/1477 171/1478/1478 170/1479/1479
f 167/1480/1480 169/1481/1481 165/1482/1482
f 167/1483/1483 170/1484/1484 169/1485/1485
f 168/1486/1486 171/1487/1487 164/1488/1488
f 168/1489/1489 175/1490/1490 171/1491/1491
f 169/1492/1492 172/1493/1493 168/1494/1494
f 169/1495/1495 173/1496/1496 172/1497/1497
f 170/1498/1498 173/1499/1499 169/1500/1500
f 170/1501/1501 174/1502/1502 173/1503/1503
f 171/1504/1504 174/1505/1505 170/1506/1506
f 171/1507/1507 175/1508/1508 174/1509/1509
f 172/1510/1510 175/1511/1511 168/1512/1512
f 172/1513/1513 179/1514/1514 175/1515/1515
f 173/1516/1516 176/1517/1517 172/1518/1518
f 173/1519/1519 177/1520/1520 176/1521/1521
f 174/1522/1522 177/1523/1523 173/1524/1524
f 174/1525/1525 178/1526/1526 177/1527/1527
f 175/1528/1528 178/1529/1529 174/1530/1530
f 175/1531/1531 179/1532/1532 178/1533/1533
f 176/1534/1534 179/1535/1535 172/1536/1536
f 176/1537/1537 180/1538/1538 179/1539/1539
f 177/1540/1540 180/1541/1541 176/1542/1542
f 178/1543/1543 180/1544/1544 177/1545/1545
f 179/1546/1546 180/1547/1547 178/1548/1548
